{
 "type": "FeatureCollection",
 "features": [
  {
   "type": "Feature",
   "geometry": {
    "type": "Polygon",
    "coordinates": [
     [
      [
       -97.7726842,
       30.2717316
      ],
      [
       -97.7723391,
       30.2714015
      ],
      [
       -97.7722957,
       30.2713707
      ],
      [
       -97.7716808,
       30.2709339
      ],
      [
       -97.7716256,
       30.2708922
      ],
      [
       -97.7708986,
       30.2703439
      ],
      [
       -97.7706825,
       30.2700408
      ],
      [
       -97.7705553,
       30.2698625
      ],
      [
       -97.7704391,
       30.2694041
      ],
      [
       -97.7704208,
       30.2693322
      ],
      [
       -97.7695095,
       30.2698442
      ],
      [
       -97.7698546,
       30.2704341
      ],
      [
       -97.7703023,
       30.2709782
      ],
      [
       -97.7709093,
       30.2714428
      ],
      [
       -97.7716861,
       30.2719089
      ],
      [
       -97.7721993,
       30.272291
      ],
      [
       -97.7726842,
       30.2717316
      ]
     ]
    ]
   },
   "properties": {
    "osm_id": 1061962491,
    "osm_type": "way",
    "name": "Ann & Roy Butler Hike and Bike Trail",
    "display_name": "Ann & Roy Butler Hike and Bike Trail, Austin, Travis County, Texas, 78703, United States",
    "feature_type": "parking_lot",
    "region": "central_austin",
    "area_m2": 32466.7,
    "open_lat": 30.2710023,
    "open_lon": -97.7710501,
    "open_radius_m": 45.6,
    "source": "openstreetmap_nominatim",
    "licence": "Data (c) OpenStreetMap contributors, ODbL",
    "verified_lat": 30.2712279,
    "verified_lon": -97.7710501,
    "nearest_feature": "amenity/parking Ann & Roy Butler Hike and Bike Trail, Au at 72 m",
    "anchor_clearance_score_m": 62.0,
    "open_ground_verified": true
   }
  },
  {
   "type": "Feature",
   "geometry": {
    "type": "Polygon",
    "coordinates": [
     [
      [
       -97.773264,
       30.277296
      ],
      [
       -97.7726927,
       30.2768746
      ],
      [
       -97.7725245,
       30.2770132
      ],
      [
       -97.7727205,
       30.277332
      ],
      [
       -97.7729847,
       30.2775983
      ],
      [
       -97.773264,
       30.277296
      ]
     ]
    ]
   },
   "properties": {
    "osm_id": 392384614,
    "osm_type": "way",
    "name": "Ann & Roy Butler Hike and Bike Trail",
    "display_name": "Ann & Roy Butler Hike and Bike Trail, Bluffington, Austin, Travis County, Texas, 78703, United States",
    "feature_type": "parking_lot",
    "region": "central_austin",
    "area_m2": 2588.8,
    "open_lat": 30.2773213,
    "open_lon": -97.7729792,
    "open_radius_m": 19.6,
    "source": "openstreetmap_nominatim",
    "licence": "Data (c) OpenStreetMap contributors, ODbL",
    "verified_lat": 30.2773213,
    "verified_lon": -97.7729792,
    "nearest_feature": "historic/memorial Deep Eddy Bathing Beach",
    "anchor_clearance_score_m": 999.0,
    "open_ground_verified": true
   }
  },
  {
   "type": "Feature",
   "geometry": {
    "type": "Polygon",
    "coordinates": [
     [
      [
       -97.7519359,
       30.2688502
      ],
      [
       -97.7513078,
       30.2687427
      ],
      [
       -97.7511456,
       30.2692263
      ],
      [
       -97.7518215,
       30.2693548
      ],
      [
       -97.7519359,
       30.2688502
      ]
     ]
    ]
   },
   "properties": {
    "osm_id": 135049606,
    "osm_type": "way",
    "name": "West Avenue",
    "display_name": "West Avenue, Seaholm, Austin, Travis County, Texas, 78701, United States",
    "feature_type": "parking_lot",
    "region": "central_austin",
    "area_m2": 3616.5,
    "open_lat": 30.2690434,
    "open_lon": -97.7515469,
    "open_radius_m": 28.1,
    "source": "openstreetmap_nominatim",
    "licence": "Data (c) OpenStreetMap contributors, ODbL",
    "verified_lat": 30.2689042,
    "verified_lon": -97.7515469,
    "nearest_feature": "place/house 801, West 5th Street, West Sixth, Austin at 35 m",
    "anchor_clearance_score_m": -0.3,
    "open_ground_verified": false
   }
  },
  {
   "type": "Feature",
   "geometry": {
    "type": "Polygon",
    "coordinates": [
     [
      [
       -97.7441238,
       30.2777199
      ],
      [
       -97.7433666,
       30.2774934
      ],
      [
       -97.743349,
       30.277538
      ],
      [
       -97.7437376,
       30.2776574
      ],
      [
       -97.7436289,
       30.2779332
      ],
      [
       -97.7439911,
       30.2780453
      ],
      [
       -97.7441238,
       30.2777199
      ]
     ]
    ]
   },
   "properties": {
    "osm_id": 516187621,
    "osm_type": "way",
    "name": "West 15th Street",
    "display_name": "West 15th Street, Austin, Travis County, Texas, 78778, United States",
    "feature_type": "parking_lot",
    "region": "central_austin",
    "area_m2": 1632.6,
    "open_lat": 30.2778266,
    "open_lon": -97.7438756,
    "open_radius_m": 18.6,
    "source": "openstreetmap_nominatim",
    "licence": "Data (c) OpenStreetMap contributors, ODbL",
    "verified_lat": 30.2777348,
    "verified_lon": -97.7438756,
    "nearest_feature": "place/house 413, West 15th Street, Austin, Travis Co at 26 m",
    "anchor_clearance_score_m": -9.3,
    "open_ground_verified": false
   }
  },
  {
   "type": "Feature",
   "geometry": {
    "type": "Polygon",
    "coordinates": [
     [
      [
       -97.7425001,
       30.272201
      ],
      [
       -97.7419846,
       30.2720593
      ],
      [
       -97.741928,
       30.2722129
      ],
      [
       -97.7420135,
       30.2722364
      ],
      [
       -97.7420114,
       30.272242
      ],
      [
       -97.7420087,
       30.2722492
      ],
      [
       -97.741944,
       30.2724252
      ],
      [
       -97.742374,
       30.2725433
      ],
      [
       -97.7425001,
       30.272201
      ]
     ]
    ]
   },
   "properties": {
    "osm_id": 1317011689,
    "osm_type": "way",
    "name": "West 10th Street",
    "display_name": "West 10th Street, Downtown, Austin, Travis County, Texas, 78703, United States",
    "feature_type": "parking_lot",
    "region": "central_austin",
    "area_m2": 1886.7,
    "open_lat": 30.272309,
    "open_lon": -97.7422051,
    "open_radius_m": 19.9,
    "source": "openstreetmap_nominatim",
    "licence": "Data (c) OpenStreetMap contributors, ODbL",
    "verified_lat": 30.2722105,
    "verified_lon": -97.7422051,
    "nearest_feature": "amenity/parking West 10th Street, Downtown, Austin, Trav at 14 m",
    "anchor_clearance_score_m": 4.1,
    "open_ground_verified": false
   }
  },
  {
   "type": "Feature",
   "geometry": {
    "type": "Polygon",
    "coordinates": [
     [
      [
       -97.743647,
       30.282358
      ],
      [
       -97.743624,
       30.282357
      ],
      [
       -97.743628,
       30.282317
      ],
      [
       -97.743594,
       30.282314
      ],
      [
       -97.743275,
       30.282224
      ],
      [
       -97.743237,
       30.282659
      ],
      [
       -97.743615,
       30.282686
      ],
      [
       -97.743647,
       30.282358
      ]
     ]
    ]
   },
   "properties": {
    "osm_id": 380922489,
    "osm_type": "way",
    "name": "West Martin Luther King Jr Boulevard",
    "display_name": "West Martin Luther King Jr Boulevard, Austin, Travis County, Texas, 78778, United States",
    "feature_type": "parking_lot",
    "region": "central_austin",
    "area_m2": 1610.2,
    "open_lat": 30.2825085,
    "open_lon": -97.7434412,
    "open_radius_m": 18.3,
    "source": "openstreetmap_nominatim",
    "licence": "Data (c) OpenStreetMap contributors, ODbL",
    "verified_lat": 30.282599,
    "verified_lon": -97.7434412,
    "nearest_feature": "place/house 500, West Martin Luther King Jr Boulevar at 11 m",
    "anchor_clearance_score_m": -24.1,
    "open_ground_verified": false
   }
  },
  {
   "type": "Feature",
   "geometry": {
    "type": "Polygon",
    "coordinates": [
     [
      [
       -97.770753,
       30.2674774
      ],
      [
       -97.7707422,
       30.2673917
      ],
      [
       -97.7707252,
       30.2672822
      ],
      [
       -97.7706999,
       30.2671761
      ],
      [
       -97.7706628,
       30.2671371
      ],
      [
       -97.7706014,
       30.2671019
      ],
      [
       -97.7696322,
       30.2665264
      ],
      [
       -97.7693463,
       30.2663908
      ],
      [
       -97.769001,
       30.2662619
      ],
      [
       -97.7686699,
       30.2661716
      ],
      [
       -97.7683649,
       30.2661224
      ],
      [
       -97.7679568,
       30.2660789
      ],
      [
       -97.7675805,
       30.2660419
      ],
      [
       -97.7674981,
       30.2660477
      ],
      [
       -97.7674211,
       30.2660704
      ],
      [
       -97.7673975,
       30.2660908
      ],
      [
       -97.7673764,
       30.2661277
      ],
      [
       -97.7673382,
       30.2661946
      ],
      [
       -97.7672967,
       30.2662861
      ],
      [
       -97.7672446,
       30.2663515
      ],
      [
       -97.7671633,
       30.2664073
      ],
      [
       -97.7670851,
       30.266444
      ],
      [
       -97.7670134,
       30.2664578
      ],
      [
       -97.7667805,
       30.2664438
      ],
      [
       -97.7665439,
       30.2664297
      ],
      [
       -97.7664146,
       30.2664363
      ],
      [
       -97.7663535,
       30.2664495
      ],
      [
       -97.7661916,
       30.2665007
      ],
      [
       -97.7660649,
       30.2665115
      ],
      [
       -97.7655808,
       30.2665255
      ],
      [
       -97.7653628,
       30.2665318
      ],
      [
       -97.7651307,
       30.2665343
      ],
      [
       -97.7650263,
       30.2665276
      ],
      [
       -97.764856,
       30.2664649
      ],
      [
       -97.7647298,
       30.2664039
      ],
      [
       -97.764642,
       30.2663836
      ],
      [
       -97.7645164,
       30.2663898
      ],
      [
       -97.7638631,
       30.2664239
      ],
      [
       -97.7637124,
       30.2664398
      ],
      [
       -97.7636384,
       30.2664649
      ],
      [
       -97.7635549,
       30.2665021
      ],
      [
       -97.763471,
       30.2665484
      ],
      [
       -97.7628925,
       30.2668748
      ],
      [
       -97.7625106,
       30.2670902
      ],
      [
       -97.7624801,
       30.2671071
      ],
      [
       -97.7624665,
       30.2671341
      ],
      [
       -97.7624657,
       30.267195
      ],
      [
       -97.7624642,
       30.2672857
      ],
      [
       -97.7624639,
       30.2673425
      ],
      [
       -97.7624734,
       30.2673737
      ],
      [
       -97.7624918,
       30.2673959
      ],
      [
       -97.7625761,
       30.2674511
      ],
      [
       -97.7629725,
       30.2676634
      ],
      [
       -97.7640686,
       30.268055
      ],
      [
       -97.7643965,
       30.2681721
      ],
      [
       -97.7644866,
       30.2681893
      ],
      [
       -97.7646359,
       30.2682053
      ],
      [
       -97.7648136,
       30.2682067
      ],
      [
       -97.7649983,
       30.2682111
      ],
      [
       -97.765144,
       30.2682398
      ],
      [
       -97.765215,
       30.2682624
      ],
      [
       -97.7652776,
       30.2682955
      ],
      [
       -97.7653838,
       30.2683634
      ],
      [
       -97.7656107,
       30.2684848
      ],
      [
       -97.7659277,
       30.2686668
      ],
      [
       -97.7666637,
       30.2690329
      ],
      [
       -97.7667952,
       30.2690985
      ],
      [
       -97.7669314,
       30.2691474
      ],
      [
       -97.7670854,
       30.2691805
      ],
      [
       -97.7671614,
       30.2691875
      ],
      [
       -97.7672815,
       30.2691895
      ],
      [
       -97.7675931,
       30.269188
      ],
      [
       -97.7677758,
       30.2691941
      ],
      [
       -97.7680208,
       30.2692372
      ],
      [
       -97.7681389,
       30.2692693
      ],
      [
       -97.7683922,
       30.269317
      ],
      [
       -97.7687715,
       30.2693219
      ],
      [
       -97.7689482,
       30.269292
      ],
      [
       -97.7700476,
       30.2690862
      ],
      [
       -97.7701396,
       30.2690598
      ],
      [
       -97.7702215,
       30.2690266
      ],
      [
       -97.7703024,
       30.2689819
      ],
      [
       -97.7703736,
       30.2689385
      ],
      [
       -97.7704262,
       30.2688842
      ],
      [
       -97.770463,
       30.2688126
      ],
      [
       -97.7705435,
       30.2685894
      ],
      [
       -97.7706279,
       30.2682754
      ],
      [
       -97.7706605,
       30.2681565
      ],
      [
       -97.7707071,
       30.2679809
      ],
      [
       -97.770734,
       30.2678314
      ],
      [
       -97.7707501,
       30.2677069
      ],
      [
       -97.770753,
       30.2674774
      ]
     ]
    ]
   },
   "properties": {
    "osm_id": 946120954,
    "osm_type": "way",
    "name": "Zilker Park",
    "display_name": "Zilker Park, Austin, Travis County, Texas, 78746, United States",
    "feature_type": "park",
    "region": "central_austin",
    "area_m2": 191662.8,
    "open_lat": 30.2676889,
    "open_lon": -97.7682517,
    "open_radius_m": 172.9,
    "source": "openstreetmap_nominatim",
    "licence": "Data (c) OpenStreetMap contributors, ODbL",
    "verified_lat": 30.2676889,
    "verified_lon": -97.7682517,
    "nearest_feature": "tourism/attraction Rock Wall At Zilker",
    "anchor_clearance_score_m": 999.0,
    "open_ground_verified": true
   }
  },
  {
   "type": "Feature",
   "geometry": {
    "type": "Polygon",
    "coordinates": [
     [
      [
       -97.7569653,
       30.2646296
      ],
      [
       -97.7569607,
       30.2646001
      ],
      [
       -97.7569451,
       30.2645736
      ],
      [
       -97.7569196,
       30.2645559
      ],
      [
       -97.7568916,
       30.264546
      ],
      [
       -97.7568168,
       30.2645243
      ],
      [
       -97.7564545,
       30.2644244
      ],
      [
       -97.756102,
       30.2643124
      ],
      [
       -97.7557738,
       30.2641953
      ],
      [
       -97.7550156,
       30.263864
      ],
      [
       -97.7547951,
       30.2637614
      ],
      [
       -97.7547475,
       30.2637396
      ],
      [
       -97.7546383,
       30.2636939
      ],
      [
       -97.7543176,
       30.2635465
      ],
      [
       -97.753487,
       30.2631504
      ],
      [
       -97.7530971,
       30.2629395
      ],
      [
       -97.7527504,
       30.262743
      ],
      [
       -97.7524419,
       30.2625526
      ],
      [
       -97.7523058,
       30.2624764
      ],
      [
       -97.7519347,
       30.2622825
      ],
      [
       -97.7518742,
       30.2622562
      ],
      [
       -97.7517966,
       30.2622354
      ],
      [
       -97.7517119,
       30.2622362
      ],
      [
       -97.7516679,
       30.262241
      ],
      [
       -97.7516216,
       30.2622549
      ],
      [
       -97.7515597,
       30.2622665
      ],
      [
       -97.7515021,
       30.2622666
      ],
      [
       -97.7514427,
       30.262256
      ],
      [
       -97.7513887,
       30.2622343
      ],
      [
       -97.7513288,
       30.2621933
      ],
      [
       -97.7512846,
       30.2621401
      ],
      [
       -97.7512571,
       30.2620874
      ],
      [
       -97.7512486,
       30.2620276
      ],
      [
       -97.7512458,
       30.2619846
      ],
      [
       -97.751229,
       30.2619303
      ],
      [
       -97.7511977,
       30.2618775
      ],
      [
       -97.7510895,
       30.2617734
      ],
      [
       -97.7509931,
       30.261688
      ],
      [
       -97.7508984,
       30.2616056
      ],
      [
       -97.7508356,
       30.2615631
      ],
      [
       -97.7507951,
       30.2615533
      ],
      [
       -97.7507576,
       30.2615491
      ],
      [
       -97.7507503,
       30.2615478
      ],
      [
       -97.7507362,
       30.261539
      ],
      [
       -97.7506914,
       30.2615114
      ],
      [
       -97.7506326,
       30.2614757
      ],
      [
       -97.750518,
       30.261403
      ],
      [
       -97.7504612,
       30.2613669
      ],
      [
       -97.7504051,
       30.261331
      ],
      [
       -97.7503883,
       30.2613201
      ],
      [
       -97.750353,
       30.2612977
      ],
      [
       -97.7503351,
       30.2612868
      ],
      [
       -97.7503023,
       30.2612655
      ],
      [
       -97.7502734,
       30.261247
      ],
      [
       -97.7502516,
       30.2612262
      ],
      [
       -97.7502477,
       30.2612113
      ],
      [
       -97.7502413,
       30.2611975
      ],
      [
       -97.7502329,
       30.2611769
      ],
      [
       -97.7502127,
       30.2611563
      ],
      [
       -97.7501243,
       30.2610896
      ],
      [
       -97.7500429,
       30.2610168
      ],
      [
       -97.7499458,
       30.2609111
      ],
      [
       -97.7498548,
       30.2607917
      ],
      [
       -97.7497875,
       30.2606793
      ],
      [
       -97.7496995,
       30.2605306
      ],
      [
       -97.7496378,
       30.2604304
      ],
      [
       -97.7495292,
       30.2602458
      ],
      [
       -97.749502,
       30.2602011
      ],
      [
       -97.7494634,
       30.2601667
      ],
      [
       -97.7494229,
       30.2601471
      ],
      [
       -97.7493641,
       30.2601406
      ],
      [
       -97.7493383,
       30.2601468
      ],
      [
       -97.7493084,
       30.260154
      ],
      [
       -97.749272,
       30.2601757
      ],
      [
       -97.7492592,
       30.2601833
      ],
      [
       -97.7492471,
       30.2601981
      ],
      [
       -97.7492365,
       30.2602135
      ],
      [
       -97.7492303,
       30.2602218
      ],
      [
       -97.7492099,
       30.2602617
      ],
      [
       -97.749159,
       30.2603623
      ],
      [
       -97.749152,
       30.2603761
      ],
      [
       -97.7491091,
       30.2604612
      ],
      [
       -97.7490669,
       30.2605445
      ],
      [
       -97.74909,
       30.2605511
      ],
      [
       -97.7490714,
       30.2605944
      ],
      [
       -97.7489737,
       30.2608
      ],
      [
       -97.748887,
       30.2610009
      ],
      [
       -97.7488723,
       30.2610444
      ],
      [
       -97.7487487,
       30.2613078
      ],
      [
       -97.7486597,
       30.2615346
      ],
      [
       -97.7485147,
       30.2619207
      ],
      [
       -97.748445,
       30.2621173
      ],
      [
       -97.7484312,
       30.2621517
      ],
      [
       -97.7483753,
       30.2622903
      ],
      [
       -97.7483893,
       30.2623139
      ],
      [
       -97.7484173,
       30.2623845
      ],
      [
       -97.7484725,
       30.262454
      ],
      [
       -97.7485436,
       30.2624896
      ],
      [
       -97.7486241,
       30.2625064
      ],
      [
       -97.7486882,
       30.2625342
      ],
      [
       -97.7487402,
       30.2625428
      ],
      [
       -97.7487923,
       30.262545
      ],
      [
       -97.7488453,
       30.2625393
      ],
      [
       -97.7489017,
       30.2625282
      ],
      [
       -97.7489851,
       30.262495
      ],
      [
       -97.7489995,
       30.2624892
      ],
      [
       -97.7490133,
       30.2624837
      ],
      [
       -97.7490636,
       30.262511
      ],
      [
       -97.7491156,
       30.2625248
      ],
      [
       -97.7491601,
       30.2625329
      ],
      [
       -97.7492947,
       30.2626109
      ],
      [
       -97.749657,
       30.2627728
      ],
      [
       -97.7499468,
       30.2628589
      ],
      [
       -97.7500857,
       30.2629061
      ],
      [
       -97.7502307,
       30.2629507
      ],
      [
       -97.7503944,
       30.2630119
      ],
      [
       -97.7505632,
       30.2630833
      ],
      [
       -97.750583,
       30.2631194
      ],
      [
       -97.7506204,
       30.2631336
      ],
      [
       -97.7506302,
       30.2631416
      ],
      [
       -97.7506426,
       30.2631483
      ],
      [
       -97.7506588,
       30.2631543
      ],
      [
       -97.7506722,
       30.2631574
      ],
      [
       -97.7506881,
       30.2631579
      ],
      [
       -97.7507032,
       30.2631562
      ],
      [
       -97.7507173,
       30.2631523
      ],
      [
       -97.7507305,
       30.263146
      ],
      [
       -97.7508424,
       30.2631926
      ],
      [
       -97.7509507,
       30.2632423
      ],
      [
       -97.7510207,
       30.2632684
      ],
      [
       -97.7510867,
       30.263307
      ],
      [
       -97.7511533,
       30.2633318
      ],
      [
       -97.7512253,
       30.2633761
      ],
      [
       -97.7512927,
       30.2633926
      ],
      [
       -97.7513365,
       30.2634102
      ],
      [
       -97.7514114,
       30.26344
      ],
      [
       -97.7514707,
       30.2634547
      ],
      [
       -97.7515324,
       30.2634668
      ],
      [
       -97.7516248,
       30.2634907
      ],
      [
       -97.7517584,
       30.263482
      ],
      [
       -97.7517976,
       30.2634684
      ],
      [
       -97.751826,
       30.2634755
      ],
      [
       -97.7518395,
       30.2634622
      ],
      [
       -97.7518493,
       30.2634813
      ],
      [
       -97.7518613,
       30.2634948
      ],
      [
       -97.751879,
       30.263509
      ],
      [
       -97.7518953,
       30.2635185
      ],
      [
       -97.7519133,
       30.2635259
      ],
      [
       -97.7519332,
       30.2635297
      ],
      [
       -97.7519581,
       30.2635324
      ],
      [
       -97.7519868,
       30.2635286
      ],
      [
       -97.7520494,
       30.2635597
      ],
      [
       -97.752142,
       30.2636288
      ],
      [
       -97.7522207,
       30.2636855
      ],
      [
       -97.7523368,
       30.2637439
      ],
      [
       -97.7523293,
       30.2637468
      ],
      [
       -97.7523387,
       30.26376
      ],
      [
       -97.7523498,
       30.2637733
      ],
      [
       -97.7523619,
       30.2637869
      ],
      [
       -97.7523753,
       30.2637986
      ],
      [
       -97.7523929,
       30.2638117
      ],
      [
       -97.7524145,
       30.2638243
      ],
      [
       -97.7524379,
       30.2638346
      ],
      [
       -97.7524633,
       30.2638406
      ],
      [
       -97.7524832,
       30.2638415
      ],
      [
       -97.7524849,
       30.2638324
      ],
      [
       -97.7525214,
       30.2638539
      ],
      [
       -97.7525491,
       30.2638753
      ],
      [
       -97.7525698,
       30.2638882
      ],
      [
       -97.7525928,
       30.2639028
      ],
      [
       -97.7526141,
       30.2639058
      ],
      [
       -97.7526373,
       30.263906
      ],
      [
       -97.7526559,
       30.2639216
      ],
      [
       -97.7526331,
       30.2639456
      ],
      [
       -97.7526994,
       30.2639884
      ],
      [
       -97.7527095,
       30.2639479
      ],
      [
       -97.7527406,
       30.2639565
      ],
      [
       -97.75274,
       30.2639831
      ],
      [
       -97.7527641,
       30.2639945
      ],
      [
       -97.7529624,
       30.2640563
      ],
      [
       -97.7531275,
       30.2640732
      ],
      [
       -97.7533034,
       30.2640657
      ],
      [
       -97.7534348,
       30.264088
      ],
      [
       -97.7535649,
       30.2641184
      ],
      [
       -97.7536851,
       30.264169
      ],
      [
       -97.7537066,
       30.2641866
      ],
      [
       -97.7537685,
       30.2642371
      ],
      [
       -97.7537725,
       30.2642327
      ],
      [
       -97.753777,
       30.2642358
      ],
      [
       -97.7537935,
       30.2642387
      ],
      [
       -97.7538132,
       30.2642422
      ],
      [
       -97.7538264,
       30.2642411
      ],
      [
       -97.7538319,
       30.2642398
      ],
      [
       -97.7538316,
       30.2642341
      ],
      [
       -97.7539223,
       30.2641974
      ],
      [
       -97.7540189,
       30.2642076
      ],
      [
       -97.7541248,
       30.2642125
      ],
      [
       -97.7542468,
       30.2642189
      ],
      [
       -97.7542641,
       30.2642271
      ],
      [
       -97.7542823,
       30.2642285
      ],
      [
       -97.7543262,
       30.2642332
      ],
      [
       -97.7545322,
       30.2641739
      ],
      [
       -97.7546352,
       30.2640776
      ],
      [
       -97.754738,
       30.2638574
      ],
      [
       -97.7548263,
       30.2638972
      ],
      [
       -97.7549021,
       30.2639314
      ],
      [
       -97.7548472,
       30.2640484
      ],
      [
       -97.7548099,
       30.2640731
      ],
      [
       -97.7547883,
       30.264126
      ],
      [
       -97.7548113,
       30.264159
      ],
      [
       -97.754819,
       30.2641984
      ],
      [
       -97.7548412,
       30.2642332
      ],
      [
       -97.7549858,
       30.2642851
      ],
      [
       -97.7551034,
       30.2643453
      ],
      [
       -97.7553983,
       30.2644296
      ],
      [
       -97.7556127,
       30.2644945
      ],
      [
       -97.7557444,
       30.2645534
      ],
      [
       -97.7558283,
       30.2646034
      ],
      [
       -97.7559707,
       30.2646359
      ],
      [
       -97.7560985,
       30.2646939
      ],
      [
       -97.7568181,
       30.265032
      ],
      [
       -97.7568616,
       30.2649282
      ],
      [
       -97.7569481,
       30.2647004
      ],
      [
       -97.7569639,
       30.2646587
      ],
      [
       -97.7569653,
       30.2646296
      ]
     ]
    ]
   },
   "properties": {
    "osm_id": 8268247,
    "osm_type": "relation",
    "name": "Auditorium Shores at Town Lake Metropolitan Park",
    "display_name": "Auditorium Shores at Town Lake Metropolitan Park, 800, Austin, Travis County, Texas, 78704, United States",
    "feature_type": "park",
    "region": "central_austin",
    "area_m2": 100447.6,
    "open_lat": 30.2617879,
    "open_lon": -97.7495665,
    "open_radius_m": 90.7,
    "source": "openstreetmap_nominatim",
    "licence": "Data (c) OpenStreetMap contributors, ODbL",
    "verified_lat": 30.2617879,
    "verified_lon": -97.7500855,
    "nearest_feature": "amenity/parking West Riverside Drive, Auditorium Shores, at 61 m",
    "anchor_clearance_score_m": 51.1,
    "open_ground_verified": true
   }
  },
  {
   "type": "Feature",
   "geometry": {
    "type": "Polygon",
    "coordinates": [
     [
      [
       -97.7715741,
       30.274603
      ],
      [
       -97.7713318,
       30.2742577
      ],
      [
       -97.7710648,
       30.2740025
      ],
      [
       -97.7710759,
       30.2738682
      ],
      [
       -97.7710986,
       30.2737969
      ],
      [
       -97.7711154,
       30.2737155
      ],
      [
       -97.7710715,
       30.2736738
      ],
      [
       -97.7709558,
       30.2735865
      ],
      [
       -97.7709385,
       30.2735501
      ],
      [
       -97.7708919,
       30.2735272
      ],
      [
       -97.7707292,
       30.2735993
      ],
      [
       -97.770667,
       30.2736032
      ],
      [
       -97.7705894,
       30.2736509
      ],
      [
       -97.7705689,
       30.2737199
      ],
      [
       -97.7704989,
       30.273732
      ],
      [
       -97.7704387,
       30.2736802
      ],
      [
       -97.770399,
       30.2736015
      ],
      [
       -97.7703633,
       30.2735308
      ],
      [
       -97.7702938,
       30.2734826
      ],
      [
       -97.7702111,
       30.2734711
      ],
      [
       -97.7699802,
       30.2733833
      ],
      [
       -97.7699276,
       30.2733463
      ],
      [
       -97.7698718,
       30.2733199
      ],
      [
       -97.769816,
       30.2733102
      ],
      [
       -97.7697547,
       30.2733407
      ],
      [
       -97.7697451,
       30.2731788
      ],
      [
       -97.7697859,
       30.2731072
      ],
      [
       -97.7697005,
       30.2730391
      ],
      [
       -97.7696296,
       30.2730152
      ],
      [
       -97.7695561,
       30.2730237
      ],
      [
       -97.7695096,
       30.2730188
      ],
      [
       -97.7694665,
       30.2729919
      ],
      [
       -97.7694465,
       30.2729548
      ],
      [
       -97.7694282,
       30.2729465
      ],
      [
       -97.7694152,
       30.2728054
      ],
      [
       -97.7694787,
       30.2726691
      ],
      [
       -97.7695194,
       30.2725749
      ],
      [
       -97.7695115,
       30.2725385
      ],
      [
       -97.769526,
       30.2725182
      ],
      [
       -97.7695302,
       30.2725053
      ],
      [
       -97.7695293,
       30.2724922
      ],
      [
       -97.769527,
       30.2724852
      ],
      [
       -97.7695225,
       30.2724793
      ],
      [
       -97.7695138,
       30.2724732
      ],
      [
       -97.7695035,
       30.2724709
      ],
      [
       -97.7694873,
       30.2724698
      ],
      [
       -97.769472,
       30.272473
      ],
      [
       -97.7693422,
       30.2722671
      ],
      [
       -97.7691018,
       30.2720521
      ],
      [
       -97.7691069,
       30.2719947
      ],
      [
       -97.7690766,
       30.2719776
      ],
      [
       -97.7687757,
       30.2718211
      ],
      [
       -97.7687292,
       30.2718822
      ],
      [
       -97.7686067,
       30.2718241
      ],
      [
       -97.7684737,
       30.2717564
      ],
      [
       -97.7681004,
       30.2715596
      ],
      [
       -97.7679061,
       30.2714794
      ],
      [
       -97.7677927,
       30.2714152
      ],
      [
       -97.7677474,
       30.2712972
      ],
      [
       -97.7677422,
       30.2712316
      ],
      [
       -97.7677345,
       30.2711651
      ],
      [
       -97.7676969,
       30.2711305
      ],
      [
       -97.767685,
       30.2711195
      ],
      [
       -97.7676732,
       30.2711152
      ],
      [
       -97.7676806,
       30.2711027
      ],
      [
       -97.7676213,
       30.2710792
      ],
      [
       -97.7676154,
       30.271092
      ],
      [
       -97.7675489,
       30.2710934
      ],
      [
       -97.7674722,
       30.2710908
      ],
      [
       -97.7673325,
       30.2710152
      ],
      [
       -97.7671772,
       30.2709264
      ],
      [
       -97.7670404,
       30.2708694
      ],
      [
       -97.7669575,
       30.2708444
      ],
      [
       -97.7668713,
       30.2708117
      ],
      [
       -97.7667708,
       30.2707561
      ],
      [
       -97.7666243,
       30.270649
      ],
      [
       -97.7664553,
       30.2705711
      ],
      [
       -97.7663346,
       30.2705238
      ],
      [
       -97.7662967,
       30.2704525
      ],
      [
       -97.7662373,
       30.2703906
      ],
      [
       -97.7660938,
       30.2702952
      ],
      [
       -97.766061,
       30.2702743
      ],
      [
       -97.7660316,
       30.2702541
      ],
      [
       -97.7659692,
       30.2702192
      ],
      [
       -97.7659536,
       30.2702428
      ],
      [
       -97.7657859,
       30.2701466
      ],
      [
       -97.7656542,
       30.2700459
      ],
      [
       -97.7654678,
       30.2699471
      ],
      [
       -97.7652595,
       30.2698368
      ],
      [
       -97.7650815,
       30.2697425
      ],
      [
       -97.764986,
       30.2697168
      ],
      [
       -97.7646861,
       30.2696359
      ],
      [
       -97.7643807,
       30.2695536
      ],
      [
       -97.7640955,
       30.2694768
      ],
      [
       -97.763769,
       30.2693888
      ],
      [
       -97.7634139,
       30.2692932
      ],
      [
       -97.7630437,
       30.269191
      ],
      [
       -97.7629167,
       30.2691304
      ],
      [
       -97.7628041,
       30.2691038
      ],
      [
       -97.7626515,
       30.2691011
      ],
      [
       -97.7624199,
       30.2691502
      ],
      [
       -97.7622947,
       30.2691453
      ],
      [
       -97.7622389,
       30.2691141
      ],
      [
       -97.7620744,
       30.2690219
      ],
      [
       -97.7618164,
       30.2688983
      ],
      [
       -97.7617812,
       30.2688815
      ],
      [
       -97.7617628,
       30.2688727
      ],
      [
       -97.7617643,
       30.2688697
      ],
      [
       -97.761763,
       30.2688668
      ],
      [
       -97.7617575,
       30.268865
      ],
      [
       -97.761755,
       30.268869
      ],
      [
       -97.7613029,
       30.2686525
      ],
      [
       -97.7599857,
       30.2680121
      ],
      [
       -97.7597253,
       30.2678905
      ],
      [
       -97.7595898,
       30.2678357
      ],
      [
       -97.7596042,
       30.2678097
      ],
      [
       -97.7596053,
       30.2678031
      ],
      [
       -97.7596051,
       30.2677964
      ],
      [
       -97.7596039,
       30.2677893
      ],
      [
       -97.7596002,
       30.2677826
      ],
      [
       -97.7595955,
       30.2677764
      ],
      [
       -97.7595888,
       30.2677711
      ],
      [
       -97.7595778,
       30.267766
      ],
      [
       -97.7595137,
       30.267744
      ],
      [
       -97.7594316,
       30.2677257
      ],
      [
       -97.7593744,
       30.2677249
      ],
      [
       -97.7593368,
       30.2677258
      ],
      [
       -97.7590348,
       30.2675859
      ],
      [
       -97.7584776,
       30.2673277
      ],
      [
       -97.7575095,
       30.2668969
      ],
      [
       -97.75665,
       30.2664947
      ],
      [
       -97.7566202,
       30.2664808
      ],
      [
       -97.7565893,
       30.2664664
      ],
      [
       -97.75649,
       30.2664199
      ],
      [
       -97.7564334,
       30.2663948
      ],
      [
       -97.7563905,
       30.266494
      ],
      [
       -97.7564273,
       30.2665073
      ],
      [
       -97.7565398,
       30.2665478
      ],
      [
       -97.7566852,
       30.266604
      ],
      [
       -97.7565682,
       30.2668186
      ],
      [
       -97.7560205,
       30.2678316
      ],
      [
       -97.7562282,
       30.2680069
      ],
      [
       -97.7562694,
       30.2680466
      ],
      [
       -97.7562934,
       30.2680629
      ],
      [
       -97.7563158,
       30.2680504
      ],
      [
       -97.7584521,
       30.2693043
      ],
      [
       -97.7579182,
       30.2700436
      ],
      [
       -97.7597121,
       30.2709627
      ],
      [
       -97.760356,
       30.2713121
      ],
      [
       -97.7605392,
       30.2709828
      ],
      [
       -97.7639096,
       30.272448
      ],
      [
       -97.7640415,
       30.2725053
      ],
      [
       -97.7645724,
       30.2714262
      ],
      [
       -97.764827,
       30.2712583
      ],
      [
       -97.7650252,
       30.2711064
      ],
      [
       -97.7651881,
       30.2709709
      ],
      [
       -97.7651912,
       30.2709691
      ],
      [
       -97.7653747,
       30.2708636
      ],
      [
       -97.765554,
       30.2708051
      ],
      [
       -97.7657496,
       30.2707845
      ],
      [
       -97.7660095,
       30.2708093
      ],
      [
       -97.7660537,
       30.2708279
      ],
      [
       -97.7663797,
       30.2709653
      ],
      [
       -97.7670091,
       30.2712627
      ],
      [
       -97.7671894,
       30.2713511
      ],
      [
       -97.7672015,
       30.2713571
      ],
      [
       -97.7674011,
       30.271455
      ],
      [
       -97.7679788,
       30.2717352
      ],
      [
       -97.7684573,
       30.2719728
      ],
      [
       -97.7686283,
       30.2721023
      ],
      [
       -97.7686849,
       30.2722012
      ],
      [
       -97.7687326,
       30.2722743
      ],
      [
       -97.7687405,
       30.2722984
      ],
      [
       -97.7687608,
       30.2726036
      ],
      [
       -97.7687609,
       30.2726732
      ],
      [
       -97.7687618,
       30.2734989
      ],
      [
       -97.768808,
       30.2736516
      ],
      [
       -97.7688951,
       30.2737571
      ],
      [
       -97.7690895,
       30.2738772
      ],
      [
       -97.7698934,
       30.2743536
      ],
      [
       -97.7705852,
       30.2748549
      ],
      [
       -97.7706333,
       30.2748902
      ],
      [
       -97.7708394,
       30.2750416
      ],
      [
       -97.7712381,
       30.2753344
      ],
      [
       -97.7715741,
       30.274603
      ]
     ]
    ]
   },
   "properties": {
    "osm_id": 971507719,
    "osm_type": "way",
    "name": "Volma Overton Sr. Beach at Town Lake Metro Park",
    "display_name": "Volma Overton Sr. Beach at Town Lake Metro Park, 1200, Austin, Travis County, Texas, 78703, United States",
    "feature_type": "park",
    "region": "central_austin",
    "area_m2": 296390.9,
    "open_lat": 30.2706576,
    "open_lon": -97.7632543,
    "open_radius_m": 149.3,
    "source": "openstreetmap_nominatim",
    "licence": "Data (c) OpenStreetMap contributors, ODbL",
    "verified_lat": 30.2699185,
    "verified_lon": -97.7632543,
    "nearest_feature": "information/board Woodland Restoration",
    "anchor_clearance_score_m": 999.0,
    "open_ground_verified": true
   }
  },
  {
   "type": "Feature",
   "geometry": {
    "type": "Polygon",
    "coordinates": [
     [
      [
       -97.7554396,
       30.2665089
      ],
      [
       -97.7554327,
       30.2664788
      ],
      [
       -97.755422,
       30.2664602
      ],
      [
       -97.7554026,
       30.2664475
      ],
      [
       -97.7553869,
       30.2664422
      ],
      [
       -97.7553743,
       30.2664393
      ],
      [
       -97.7553215,
       30.2664287
      ],
      [
       -97.7553134,
       30.266428
      ],
      [
       -97.7550228,
       30.2663956
      ],
      [
       -97.7546703,
       30.2663522
      ],
      [
       -97.7544062,
       30.2663247
      ],
      [
       -97.7542655,
       30.2663073
      ],
      [
       -97.7542104,
       30.2662967
      ],
      [
       -97.7536027,
       30.2660849
      ],
      [
       -97.7535908,
       30.2660814
      ],
      [
       -97.7535745,
       30.266078
      ],
      [
       -97.7535586,
       30.2660843
      ],
      [
       -97.7535463,
       30.2660905
      ],
      [
       -97.7535274,
       30.2661037
      ],
      [
       -97.7535193,
       30.2661112
      ],
      [
       -97.7535123,
       30.2661192
      ],
      [
       -97.7534605,
       30.2662565
      ],
      [
       -97.7534599,
       30.2662631
      ],
      [
       -97.7534597,
       30.2662733
      ],
      [
       -97.7534641,
       30.2662806
      ],
      [
       -97.7534723,
       30.2662863
      ],
      [
       -97.7534793,
       30.2662916
      ],
      [
       -97.7534837,
       30.2662992
      ],
      [
       -97.7534814,
       30.2663101
      ],
      [
       -97.7533777,
       30.2665573
      ],
      [
       -97.7533693,
       30.2665639
      ],
      [
       -97.7533592,
       30.266568
      ],
      [
       -97.7533454,
       30.2665759
      ],
      [
       -97.7533333,
       30.2665871
      ],
      [
       -97.7533291,
       30.2666046
      ],
      [
       -97.7533291,
       30.2666276
      ],
      [
       -97.7533332,
       30.2666484
      ],
      [
       -97.7533411,
       30.2666628
      ],
      [
       -97.7533586,
       30.2666799
      ],
      [
       -97.753383,
       30.2666943
      ],
      [
       -97.75398,
       30.2668717
      ],
      [
       -97.7539912,
       30.266867
      ],
      [
       -97.7540034,
       30.266833
      ],
      [
       -97.7540613,
       30.2668488
      ],
      [
       -97.7541017,
       30.2668602
      ],
      [
       -97.7541329,
       30.2668689
      ],
      [
       -97.7541349,
       30.2668717
      ],
      [
       -97.7541288,
       30.2668854
      ],
      [
       -97.7541296,
       30.2668883
      ],
      [
       -97.7541316,
       30.2668903
      ],
      [
       -97.754138,
       30.2668918
      ],
      [
       -97.7541907,
       30.2669068
      ],
      [
       -97.7542167,
       30.2669138
      ],
      [
       -97.7542697,
       30.266929
      ],
      [
       -97.7542795,
       30.2669315
      ],
      [
       -97.7543362,
       30.2669479
      ],
      [
       -97.7544033,
       30.2669673
      ],
      [
       -97.7544684,
       30.266986
      ],
      [
       -97.754536,
       30.2670051
      ],
      [
       -97.7546009,
       30.2670238
      ],
      [
       -97.7546652,
       30.2670425
      ],
      [
       -97.7547331,
       30.2670619
      ],
      [
       -97.7547985,
       30.2670804
      ],
      [
       -97.7548569,
       30.2670974
      ],
      [
       -97.7548605,
       30.2670991
      ],
      [
       -97.7548619,
       30.2671026
      ],
      [
       -97.7548602,
       30.2671077
      ],
      [
       -97.7548596,
       30.2671129
      ],
      [
       -97.7548601,
       30.2671191
      ],
      [
       -97.7548641,
       30.2671247
      ],
      [
       -97.7548722,
       30.2671292
      ],
      [
       -97.7548839,
       30.2671308
      ],
      [
       -97.7549066,
       30.2671336
      ],
      [
       -97.7549305,
       30.2671353
      ],
      [
       -97.7549573,
       30.2671369
      ],
      [
       -97.7549838,
       30.2671369
      ],
      [
       -97.7550143,
       30.2671334
      ],
      [
       -97.7550494,
       30.2671248
      ],
      [
       -97.7551056,
       30.2671052
      ],
      [
       -97.7551572,
       30.26708
      ],
      [
       -97.7551982,
       30.2670506
      ],
      [
       -97.7552379,
       30.2670095
      ],
      [
       -97.7552696,
       30.2669618
      ],
      [
       -97.7552937,
       30.2669042
      ],
      [
       -97.7553676,
       30.2667227
      ],
      [
       -97.7554267,
       30.2665514
      ],
      [
       -97.7554365,
       30.266524
      ],
      [
       -97.7554396,
       30.2665089
      ]
     ]
    ]
   },
   "properties": {
    "osm_id": 13730487,
    "osm_type": "relation",
    "name": "Shoal Beach at Town Lake Metropolitan Park",
    "display_name": "Shoal Beach at Town Lake Metropolitan Park, 707, Austin, Travis County, Texas, 78701, United States",
    "feature_type": "park",
    "region": "central_austin",
    "area_m2": 13618.3,
    "open_lat": 30.266743,
    "open_lon": -97.7549202,
    "open_radius_m": 39.3,
    "source": "openstreetmap_nominatim",
    "licence": "Data (c) OpenStreetMap contributors, ODbL",
    "verified_lat": 30.266743,
    "verified_lon": -97.7551449,
    "nearest_feature": "man_made/bridge Pfluger Pedestrian Bridge at 121 m",
    "anchor_clearance_score_m": 96.1,
    "open_ground_verified": true
   }
  },
  {
   "type": "Feature",
   "geometry": {
    "type": "Polygon",
    "coordinates": [
     [
      [
       -97.7550234,
       30.2845598
      ],
      [
       -97.7549644,
       30.2843571
      ],
      [
       -97.754896,
       30.2842182
      ],
      [
       -97.7545862,
       30.2837329
      ],
      [
       -97.7545487,
       30.2836229
      ],
      [
       -97.754428,
       30.2831608
      ],
      [
       -97.7542509,
       30.2825632
      ],
      [
       -97.7538003,
       30.2822436
      ],
      [
       -97.7527744,
       30.2813681
      ],
      [
       -97.7520428,
       30.2811718
      ],
      [
       -97.7509726,
       30.2807525
      ],
      [
       -97.7509757,
       30.2805463
      ],
      [
       -97.7510213,
       30.2800807
      ],
      [
       -97.7507031,
       30.2800577
      ],
      [
       -97.7505944,
       30.280587
      ],
      [
       -97.7505958,
       30.2807908
      ],
      [
       -97.7506249,
       30.2810076
      ],
      [
       -97.7506575,
       30.2812551
      ],
      [
       -97.7507018,
       30.2814792
      ],
      [
       -97.7507856,
       30.2818018
      ],
      [
       -97.7508654,
       30.2819952
      ],
      [
       -97.7510216,
       30.2822957
      ],
      [
       -97.7511866,
       30.2825331
      ],
      [
       -97.7514259,
       30.2827995
      ],
      [
       -97.7515218,
       30.2828869
      ],
      [
       -97.7523157,
       30.2836414
      ],
      [
       -97.7524237,
       30.2837757
      ],
      [
       -97.7527221,
       30.2842957
      ],
      [
       -97.7531412,
       30.285042
      ],
      [
       -97.7532049,
       30.2852205
      ],
      [
       -97.7532345,
       30.2853404
      ],
      [
       -97.7532636,
       30.2855378
      ],
      [
       -97.7532981,
       30.2863726
      ],
      [
       -97.7532914,
       30.2865981
      ],
      [
       -97.7532579,
       30.2867879
      ],
      [
       -97.7532277,
       30.2869118
      ],
      [
       -97.7531345,
       30.2873945
      ],
      [
       -97.7530754,
       30.2876894
      ],
      [
       -97.7529287,
       30.288389
      ],
      [
       -97.7529447,
       30.2884578
      ],
      [
       -97.7529876,
       30.2885129
      ],
      [
       -97.753054,
       30.2885348
      ],
      [
       -97.7539834,
       30.2888046
      ],
      [
       -97.7540558,
       30.2888029
      ],
      [
       -97.7540934,
       30.2887954
      ],
      [
       -97.7541376,
       30.2887792
      ],
      [
       -97.7541805,
       30.2887514
      ],
      [
       -97.7542355,
       30.2886981
      ],
      [
       -97.7542576,
       30.2886604
      ],
      [
       -97.7544179,
       30.2879542
      ],
      [
       -97.7546251,
       30.2868968
      ],
      [
       -97.7546814,
       30.2866895
      ],
      [
       -97.7548739,
       30.2861562
      ],
      [
       -97.7549698,
       30.2853137
      ],
      [
       -97.7550234,
       30.2845598
      ]
     ]
    ]
   },
   "properties": {
    "osm_id": 326162404,
    "osm_type": "way",
    "name": "Pease District Park",
    "display_name": "Pease District Park, Austin, Travis County, Texas, United States",
    "feature_type": "park",
    "region": "central_austin",
    "area_m2": 163923.8,
    "open_lat": 30.2831114,
    "open_lon": -97.7532582,
    "open_radius_m": 107.6,
    "source": "openstreetmap_nominatim",
    "licence": "Data (c) OpenStreetMap contributors, ODbL",
    "verified_lat": 30.282579,
    "verified_lon": -97.7532582,
    "nearest_feature": "tourism/artwork Pease Park Treehouse",
    "anchor_clearance_score_m": 999.0,
    "open_ground_verified": true
   }
  },
  {
   "type": "Feature",
   "geometry": {
    "type": "Polygon",
    "coordinates": [
     [
      [
       -97.7409635,
       30.2516911
      ],
      [
       -97.7409148,
       30.2516265
      ],
      [
       -97.7409028,
       30.2516087
      ],
      [
       -97.7408105,
       30.2514822
      ],
      [
       -97.7407803,
       30.2515513
      ],
      [
       -97.7407508,
       30.2516313
      ],
      [
       -97.7407079,
       30.2516822
      ],
      [
       -97.7406368,
       30.2517066
      ],
      [
       -97.7405684,
       30.2517077
      ],
      [
       -97.7404209,
       30.2516521
      ],
      [
       -97.7401607,
       30.2514702
      ],
      [
       -97.7401728,
       30.2514077
      ],
      [
       -97.7402627,
       30.2512918
      ],
      [
       -97.7401795,
       30.251249
      ],
      [
       -97.7400427,
       30.2514204
      ],
      [
       -97.7395894,
       30.2511887
      ],
      [
       -97.7394111,
       30.2511053
      ],
      [
       -97.7391992,
       30.2509651
      ],
      [
       -97.7391214,
       30.2509003
      ],
      [
       -97.7390731,
       30.2507972
      ],
      [
       -97.738876,
       30.2506686
      ],
      [
       -97.7387258,
       30.2505944
      ],
      [
       -97.7386828,
       30.2505701
      ],
      [
       -97.7386507,
       30.2505226
      ],
      [
       -97.7386064,
       30.2504936
      ],
      [
       -97.7385581,
       30.2504763
      ],
      [
       -97.7384562,
       30.2504566
      ],
      [
       -97.7382939,
       30.2504044
      ],
      [
       -97.7381384,
       30.2503291
      ],
      [
       -97.7380673,
       30.2503013
      ],
      [
       -97.7380069,
       30.2502851
      ],
      [
       -97.7379694,
       30.2502561
      ],
      [
       -97.7379198,
       30.2502098
      ],
      [
       -97.7378835,
       30.2501855
      ],
      [
       -97.7380083,
       30.2498066
      ],
      [
       -97.7386158,
       30.2500186
      ],
      [
       -97.7387405,
       30.2500824
      ],
      [
       -97.7394701,
       30.2503395
      ],
      [
       -97.7395213,
       30.2504051
      ],
      [
       -97.739866,
       30.2507051
      ],
      [
       -97.739925,
       30.2506599
      ],
      [
       -97.7404721,
       30.2509866
      ],
      [
       -97.7405226,
       30.2509534
      ],
      [
       -97.7404681,
       30.250884
      ],
      [
       -97.7403692,
       30.2507639
      ],
      [
       -97.7402861,
       30.2506737
      ],
      [
       -97.7401402,
       30.2505482
      ],
      [
       -97.7399978,
       30.2504452
      ],
      [
       -97.739845,
       30.2503543
      ],
      [
       -97.7396958,
       30.2502852
      ],
      [
       -97.7388708,
       30.2499852
      ],
      [
       -97.7386024,
       30.2498845
      ],
      [
       -97.7382957,
       30.249794
      ],
      [
       -97.7381938,
       30.2497592
      ],
      [
       -97.7381117,
       30.2497303
      ],
      [
       -97.7379545,
       30.2496665
      ],
      [
       -97.737782,
       30.2495836
      ],
      [
       -97.7376848,
       30.2495269
      ],
      [
       -97.7375454,
       30.2494399
      ],
      [
       -97.7374013,
       30.2493361
      ],
      [
       -97.7373621,
       30.2493288
      ],
      [
       -97.7372149,
       30.2492388
      ],
      [
       -97.7371617,
       30.2491916
      ],
      [
       -97.7370708,
       30.2491115
      ],
      [
       -97.7368456,
       30.2488726
      ],
      [
       -97.736535,
       30.248538
      ],
      [
       -97.736517,
       30.2485485
      ],
      [
       -97.7359912,
       30.2489285
      ],
      [
       -97.7359999,
       30.2490272
      ],
      [
       -97.7360804,
       30.2494311
      ],
      [
       -97.7361121,
       30.2495974
      ],
      [
       -97.7361423,
       30.2497517
      ],
      [
       -97.7361525,
       30.2498037
      ],
      [
       -97.7362325,
       30.2498342
      ],
      [
       -97.7363884,
       30.2499206
      ],
      [
       -97.7365249,
       30.2500061
      ],
      [
       -97.7376956,
       30.2505594
      ],
      [
       -97.7377154,
       30.2505688
      ],
      [
       -97.7377763,
       30.2505898
      ],
      [
       -97.7378781,
       30.250625
      ],
      [
       -97.7380571,
       30.2506695
      ],
      [
       -97.7384352,
       30.2508245
      ],
      [
       -97.7384806,
       30.2508255
      ],
      [
       -97.7385537,
       30.2508271
      ],
      [
       -97.7385897,
       30.2508279
      ],
      [
       -97.738721,
       30.2509107
      ],
      [
       -97.7388296,
       30.250952
      ],
      [
       -97.7389285,
       30.2509701
      ],
      [
       -97.7389459,
       30.251016
      ],
      [
       -97.7389651,
       30.2510668
      ],
      [
       -97.7389886,
       30.2511287
      ],
      [
       -97.7391886,
       30.2512
      ],
      [
       -97.7394689,
       30.2515779
      ],
      [
       -97.7396797,
       30.251611
      ],
      [
       -97.7396234,
       30.2516669
      ],
      [
       -97.7399152,
       30.2519412
      ],
      [
       -97.7402843,
       30.2522007
      ],
      [
       -97.740332,
       30.2522512
      ],
      [
       -97.7406761,
       30.2525658
      ],
      [
       -97.7407338,
       30.2525654
      ],
      [
       -97.7407648,
       30.2525588
      ],
      [
       -97.740797,
       30.252537
      ],
      [
       -97.7406535,
       30.2523419
      ],
      [
       -97.7406861,
       30.2522024
      ],
      [
       -97.7407599,
       30.2520379
      ],
      [
       -97.7408061,
       30.2519657
      ],
      [
       -97.7408602,
       30.2518511
      ],
      [
       -97.7408895,
       30.2517495
      ],
      [
       -97.7409635,
       30.2516911
      ]
     ]
    ]
   },
   "properties": {
    "osm_id": 1025375366,
    "osm_type": "way",
    "name": "Norwood Tract at Town Lake Metropolitan Park",
    "display_name": "Norwood Tract at Town Lake Metropolitan Park, 1009, Austin, Travis County, Texas, 78704, United States",
    "feature_type": "park",
    "region": "central_austin",
    "area_m2": 42661.4,
    "open_lat": 30.2494847,
    "open_lon": -97.7366807,
    "open_radius_m": 55.8,
    "source": "openstreetmap_nominatim",
    "licence": "Data (c) OpenStreetMap contributors, ODbL",
    "verified_lat": 30.249761,
    "verified_lon": -97.7366807,
    "nearest_feature": "leisure/dog_park Norwood Estate Dog Park at 73 m",
    "anchor_clearance_score_m": 58.4,
    "open_ground_verified": true
   }
  },
  {
   "type": "Feature",
   "geometry": {
    "type": "Polygon",
    "coordinates": [
     [
      [
       -97.7744319,
       30.2767739
      ],
      [
       -97.774193,
       30.2766628
      ],
      [
       -97.7741355,
       30.276632
      ],
      [
       -97.7740529,
       30.2765627
      ],
      [
       -97.7736337,
       30.2763291
      ],
      [
       -97.7732508,
       30.2760959
      ],
      [
       -97.7723634,
       30.2754545
      ],
      [
       -97.7723119,
       30.2752988
      ],
      [
       -97.7723066,
       30.2752209
      ],
      [
       -97.7722347,
       30.2752321
      ],
      [
       -97.7715741,
       30.274603
      ],
      [
       -97.7712381,
       30.2753344
      ],
      [
       -97.7713725,
       30.2754225
      ],
      [
       -97.771569,
       30.2755856
      ],
      [
       -97.7716677,
       30.2757428
      ],
      [
       -97.7719115,
       30.2762813
      ],
      [
       -97.7721296,
       30.2767529
      ],
      [
       -97.772179,
       30.2768743
      ],
      [
       -97.7722133,
       30.276904
      ],
      [
       -97.7725566,
       30.2771486
      ],
      [
       -97.7727283,
       30.2773635
      ],
      [
       -97.7729269,
       30.2775606
      ],
      [
       -97.7728523,
       30.2776438
      ],
      [
       -97.7735368,
       30.2779889
      ],
      [
       -97.7738604,
       30.2774727
      ],
      [
       -97.7741101,
       30.2771115
      ],
      [
       -97.7742758,
       30.2770119
      ],
      [
       -97.7743531,
       30.2769229
      ],
      [
       -97.7744319,
       30.2767739
      ]
     ]
    ]
   },
   "properties": {
    "osm_id": 37416615,
    "osm_type": "way",
    "name": "Eilers Neighborhood Park",
    "display_name": "Eilers Neighborhood Park, 401, Austin, Travis County, Texas, 78703, United States",
    "feature_type": "park",
    "region": "central_austin",
    "area_m2": 42531.4,
    "open_lat": 30.2769473,
    "open_lon": -97.7733281,
    "open_radius_m": 73.7,
    "source": "openstreetmap_nominatim",
    "licence": "Data (c) OpenStreetMap contributors, ODbL",
    "verified_lat": 30.2765827,
    "verified_lon": -97.7733281,
    "nearest_feature": "natural/spring Deep Eddy Pool",
    "anchor_clearance_score_m": 999.0,
    "open_ground_verified": true
   }
  },
  {
   "type": "Feature",
   "geometry": {
    "type": "Polygon",
    "coordinates": [
     [
      [
       -97.7703483,
       30.2416383
      ],
      [
       -97.7685295,
       30.2409471
      ],
      [
       -97.7680776,
       30.241767
      ],
      [
       -97.7674153,
       30.2429684
      ],
      [
       -97.7689858,
       30.2433875
      ],
      [
       -97.769294,
       30.2434582
      ],
      [
       -97.7698894,
       30.2424304
      ],
      [
       -97.7703483,
       30.2416383
      ]
     ]
    ]
   },
   "properties": {
    "osm_id": 37183485,
    "osm_type": "way",
    "name": "South Austin Neighborhood Park",
    "display_name": "South Austin Neighborhood Park, 1100, Austin, Travis County, Texas, 78704, United States",
    "feature_type": "park",
    "region": "central_austin",
    "area_m2": 44887.1,
    "open_lat": 30.2420936,
    "open_lon": -97.7689849,
    "open_radius_m": 94.4,
    "source": "openstreetmap_nominatim",
    "licence": "Data (c) OpenStreetMap contributors, ODbL",
    "verified_lat": 30.2425607,
    "verified_lon": -97.7689849,
    "nearest_feature": "leisure/playground Cumberland Road, Austin, Travis County,  at 82 m",
    "anchor_clearance_score_m": 67.4,
    "open_ground_verified": true
   }
  },
  {
   "type": "Feature",
   "geometry": {
    "type": "Polygon",
    "coordinates": [
     [
      [
       -97.7763889,
       30.2518749
      ],
      [
       -97.7746529,
       30.2510171
      ],
      [
       -97.7742024,
       30.2516672
      ],
      [
       -97.7759342,
       30.2525227
      ],
      [
       -97.7761112,
       30.2522705
      ],
      [
       -97.7763889,
       30.2518749
      ]
     ]
    ]
   },
   "properties": {
    "osm_id": 732242104,
    "osm_type": "way",
    "name": "Little Zilker Neighborhood Park",
    "display_name": "Little Zilker Neighborhood Park, 2016, Austin, Travis County, Texas, 78704, United States",
    "feature_type": "park",
    "region": "central_austin",
    "area_m2": 16167.9,
    "open_lat": 30.2517921,
    "open_lon": -97.7753384,
    "open_radius_m": 42.1,
    "source": "openstreetmap_nominatim",
    "licence": "Data (c) OpenStreetMap contributors, ODbL",
    "verified_lat": 30.2515837,
    "verified_lon": -97.7753384,
    "nearest_feature": "amenity/drinking_water Mixed Use Field Drinking Fountain at 27 m",
    "anchor_clearance_score_m": 17.2,
    "open_ground_verified": false
   }
  },
  {
   "type": "Feature",
   "geometry": {
    "type": "Polygon",
    "coordinates": [
     [
      [
       -97.7476839,
       30.2398737
      ],
      [
       -97.7476782,
       30.2398168
      ],
      [
       -97.7476391,
       30.2397896
      ],
      [
       -97.7472049,
       30.2395924
      ],
      [
       -97.747049,
       30.2395163
      ],
      [
       -97.7469571,
       30.2394668
      ],
      [
       -97.7467211,
       30.2393034
      ],
      [
       -97.7464546,
       30.2390866
      ],
      [
       -97.7464333,
       30.239072
      ],
      [
       -97.7464122,
       30.239076
      ],
      [
       -97.7463966,
       30.2390884
      ],
      [
       -97.7463646,
       30.2391381
      ],
      [
       -97.7463421,
       30.2392101
      ],
      [
       -97.7463359,
       30.2392762
      ],
      [
       -97.7463417,
       30.2393517
      ],
      [
       -97.7464125,
       30.2398075
      ],
      [
       -97.7464122,
       30.24
      ],
      [
       -97.746398,
       30.2401357
      ],
      [
       -97.7463832,
       30.2402215
      ],
      [
       -97.7463537,
       30.2403175
      ],
      [
       -97.7462429,
       30.2405573
      ],
      [
       -97.7462592,
       30.2405656
      ],
      [
       -97.7469216,
       30.2409031
      ],
      [
       -97.7474701,
       30.2411682
      ],
      [
       -97.7475254,
       30.240921
      ],
      [
       -97.7475979,
       30.2405862
      ],
      [
       -97.7476839,
       30.2398737
      ]
     ]
    ]
   },
   "properties": {
    "osm_id": 585503752,
    "osm_type": "way",
    "name": "Big Stacy Neighborhood Park",
    "display_name": "Big Stacy Neighborhood Park, 700, Austin, Travis County, Texas, 78704, United States",
    "feature_type": "park",
    "region": "central_austin",
    "area_m2": 19513.7,
    "open_lat": 30.2402429,
    "open_lon": -97.7470107,
    "open_radius_m": 60.0,
    "source": "openstreetmap_nominatim",
    "licence": "Data (c) OpenStreetMap contributors, ODbL",
    "verified_lat": 30.2402429,
    "verified_lon": -97.7473541,
    "nearest_feature": "amenity/parking East Live Oak Street, South Congress, Au at 44 m",
    "anchor_clearance_score_m": 34.4,
    "open_ground_verified": true
   }
  },
  {
   "type": "Feature",
   "geometry": {
    "type": "Polygon",
    "coordinates": [
     [
      [
       -97.7922517,
       30.2657456
      ],
      [
       -97.7916139,
       30.2652387
      ],
      [
       -97.7904924,
       30.2662752
      ],
      [
       -97.7905633,
       30.2664708
      ],
      [
       -97.7907913,
       30.266697
      ],
      [
       -97.7910692,
       30.2668475
      ],
      [
       -97.7914555,
       30.2659671
      ],
      [
       -97.791713,
       30.2657966
      ],
      [
       -97.7919619,
       30.2659819
      ],
      [
       -97.7921038,
       30.2659372
      ],
      [
       -97.7922424,
       30.2658029
      ],
      [
       -97.7922517,
       30.2657456
      ]
     ]
    ]
   },
   "properties": {
    "osm_id": 37183558,
    "osm_type": "way",
    "name": "Treemont Park",
    "display_name": "Treemont Park, Austin, Travis County, Texas, United States",
    "feature_type": "park",
    "region": "central_austin",
    "area_m2": 11156.9,
    "open_lat": 30.2663385,
    "open_lon": -97.7909144,
    "open_radius_m": 34.0,
    "source": "openstreetmap_nominatim",
    "licence": "Data (c) OpenStreetMap contributors, ODbL",
    "verified_lat": 30.2665067,
    "verified_lon": -97.7909144,
    "nearest_feature": "amenity/fire_station Austin Fire Station Number 32 at 75 m",
    "anchor_clearance_score_m": 64.7,
    "open_ground_verified": true
   }
  },
  {
   "type": "Feature",
   "geometry": {
    "type": "Polygon",
    "coordinates": [
     [
      [
       -97.7555735,
       30.2530531
      ],
      [
       -97.7552002,
       30.2528778
      ],
      [
       -97.7554215,
       30.2525731
      ],
      [
       -97.7549427,
       30.2523124
      ],
      [
       -97.7551367,
       30.2519908
      ],
      [
       -97.7547541,
       30.2518039
      ],
      [
       -97.7547264,
       30.251849
      ],
      [
       -97.7545351,
       30.2521364
      ],
      [
       -97.7542011,
       30.2519952
      ],
      [
       -97.7541888,
       30.2519893
      ],
      [
       -97.7540387,
       30.2522296
      ],
      [
       -97.7543138,
       30.2523646
      ],
      [
       -97.7542132,
       30.2527944
      ],
      [
       -97.7543527,
       30.2529797
      ],
      [
       -97.754515,
       30.2532601
      ],
      [
       -97.7545351,
       30.2532948
      ],
      [
       -97.7545672,
       30.2534338
      ],
      [
       -97.7546398,
       30.2534128
      ],
      [
       -97.7548449,
       30.2533493
      ],
      [
       -97.7552831,
       30.2535443
      ],
      [
       -97.7555735,
       30.2530531
      ]
     ]
    ]
   },
   "properties": {
    "osm_id": 89476755,
    "osm_type": "way",
    "name": "Nicholas Dawson Neighborhood Park",
    "display_name": "Nicholas Dawson Neighborhood Park, 704, Austin, Travis County, Texas, 78704, United States",
    "feature_type": "park",
    "region": "central_austin",
    "area_m2": 15183.8,
    "open_lat": 30.2527115,
    "open_lon": -97.7547393,
    "open_radius_m": 47.4,
    "source": "openstreetmap_nominatim",
    "licence": "Data (c) OpenStreetMap contributors, ODbL",
    "verified_lat": 30.2527115,
    "verified_lon": -97.7547393,
    "nearest_feature": "place/house 704, West James Street, Bouldin, Austin, at 52 m",
    "anchor_clearance_score_m": 17.3,
    "open_ground_verified": false
   }
  },
  {
   "type": "Feature",
   "geometry": {
    "type": "Polygon",
    "coordinates": [
     [
      [
       -97.7357609,
       30.2809453
      ],
      [
       -97.7353779,
       30.2809141
      ],
      [
       -97.7353299,
       30.2814006
      ],
      [
       -97.7357098,
       30.2814299
      ],
      [
       -97.7357609,
       30.2809453
      ]
     ]
    ]
   },
   "properties": {
    "osm_id": 1488977196,
    "osm_type": "way",
    "name": "Caven-Clark Courts",
    "display_name": "Caven-Clark Courts, 1910, Austin, Travis County, Texas, 78712, United States",
    "feature_type": "recreation_ground",
    "region": "central_austin",
    "area_m2": 1994.7,
    "open_lat": 30.2811729,
    "open_lon": -97.7355446,
    "open_radius_m": 18.4,
    "source": "openstreetmap_nominatim",
    "licence": "Data (c) OpenStreetMap contributors, ODbL",
    "verified_lat": 30.2811729,
    "verified_lon": -97.7355446,
    "nearest_feature": "emergency/phone 1, Jester Circle, Austin, Travis County,",
    "anchor_clearance_score_m": 999.0,
    "open_ground_verified": true
   }
  },
  {
   "type": "Feature",
   "geometry": {
    "type": "Polygon",
    "coordinates": [
     [
      [
       -97.7686734,
       30.2737779
      ],
      [
       -97.7686406,
       30.2736352
      ],
      [
       -97.7686115,
       30.2724665
      ],
      [
       -97.7685894,
       30.272309
      ],
      [
       -97.7683827,
       30.2720727
      ],
      [
       -97.765958,
       30.2709492
      ],
      [
       -97.7656791,
       30.2709168
      ],
      [
       -97.7653465,
       30.2710257
      ],
      [
       -97.7651882,
       30.2711508
      ],
      [
       -97.7646759,
       30.271526
      ],
      [
       -97.7647396,
       30.2718963
      ],
      [
       -97.764692,
       30.2721422
      ],
      [
       -97.7645798,
       30.272199
      ],
      [
       -97.7656523,
       30.2734325
      ],
      [
       -97.7664355,
       30.2741297
      ],
      [
       -97.7668995,
       30.2744285
      ],
      [
       -97.7674735,
       30.2746926
      ],
      [
       -97.7680237,
       30.2748698
      ],
      [
       -97.7685372,
       30.2740068
      ],
      [
       -97.7686734,
       30.2737779
      ]
     ]
    ]
   },
   "properties": {
    "osm_id": 204336151,
    "osm_type": "way",
    "name": "Austin High School",
    "display_name": "Austin High School, 1715, West Cesar Chavez Street, Austin, Travis County, Texas, 78703, United States",
    "feature_type": "school",
    "region": "central_austin",
    "area_m2": 106552.8,
    "open_lat": 30.2729473,
    "open_lon": -97.7671532,
    "open_radius_m": 141.1,
    "source": "openstreetmap_nominatim",
    "licence": "Data (c) OpenStreetMap contributors, ODbL"
   }
  },
  {
   "type": "Feature",
   "geometry": {
    "type": "Polygon",
    "coordinates": [
     [
      [
       -97.754044,
       30.2504905
      ],
      [
       -97.7537595,
       30.2503875
      ],
      [
       -97.7536917,
       30.2503114
      ],
      [
       -97.7536863,
       30.250226
      ],
      [
       -97.753729,
       30.2501189
      ],
      [
       -97.7530254,
       30.2499351
      ],
      [
       -97.7528249,
       30.2502259
      ],
      [
       -97.7520918,
       30.2500334
      ],
      [
       -97.7518573,
       30.2499304
      ],
      [
       -97.7499565,
       30.2527117
      ],
      [
       -97.7488856,
       30.2524269
      ],
      [
       -97.7476627,
       30.2555857
      ],
      [
       -97.7480483,
       30.2557104
      ],
      [
       -97.7504562,
       30.2565383
      ],
      [
       -97.7509109,
       30.2567687
      ],
      [
       -97.7530862,
       30.2533261
      ],
      [
       -97.7537982,
       30.2522357
      ],
      [
       -97.7538364,
       30.2521589
      ],
      [
       -97.7537119,
       30.2520183
      ],
      [
       -97.7536679,
       30.2514902
      ],
      [
       -97.7536125,
       30.2511039
      ],
      [
       -97.7536768,
       30.2510173
      ],
      [
       -97.7537811,
       30.2510232
      ],
      [
       -97.7540305,
       30.2505818
      ],
      [
       -97.754044,
       30.2504905
      ]
     ]
    ]
   },
   "properties": {
    "osm_id": 148107036,
    "osm_type": "way",
    "name": "Texas School for the Deaf",
    "display_name": "Texas School for the Deaf, 1102, South Congress Avenue, South River City, Austin, Travis County, Texas, 78704, United States",
    "feature_type": "school",
    "region": "central_austin",
    "area_m2": 240827.9,
    "open_lat": 30.254398,
    "open_lon": -97.7501819,
    "open_radius_m": 187.8,
    "source": "openstreetmap_nominatim",
    "licence": "Data (c) OpenStreetMap contributors, ODbL"
   }
  },
  {
   "type": "Feature",
   "geometry": {
    "type": "Polygon",
    "coordinates": [
     [
      [
       -97.7517771,
       30.2435298
      ],
      [
       -97.7498677,
       30.2425844
      ],
      [
       -97.7492156,
       30.2444877
      ],
      [
       -97.7512353,
       30.2450823
      ],
      [
       -97.7517771,
       30.2435298
      ]
     ]
    ]
   },
   "properties": {
    "osm_id": 188587074,
    "osm_type": "way",
    "name": "Lively Middle School",
    "display_name": "Lively Middle School, 201, East Mary Street, LaPrelle Place, Austin, Travis County, Texas, 78704, United States",
    "feature_type": "school",
    "region": "central_austin",
    "area_m2": 41191.2,
    "open_lat": 30.2439212,
    "open_lon": -97.7504851,
    "open_radius_m": 98.9,
    "source": "openstreetmap_nominatim",
    "licence": "Data (c) OpenStreetMap contributors, ODbL"
   }
  },
  {
   "type": "Feature",
   "geometry": {
    "type": "Polygon",
    "coordinates": [
     [
      [
       -97.7759342,
       30.2525227
      ],
      [
       -97.7742024,
       30.2516672
      ],
      [
       -97.7734013,
       30.2529091
      ],
      [
       -97.7751318,
       30.2537609
      ],
      [
       -97.7759342,
       30.2525227
      ]
     ]
    ]
   },
   "properties": {
    "osm_id": 204065904,
    "osm_type": "way",
    "name": "Zilker Elementary School",
    "display_name": "Zilker Elementary School, 1900, Bluebonnet Lane, Zilker, Austin, Travis County, Texas, 78704, United States",
    "feature_type": "school",
    "region": "central_austin",
    "area_m2": 30254.5,
    "open_lat": 30.2526712,
    "open_lon": -97.7745787,
    "open_radius_m": 79.0,
    "source": "openstreetmap_nominatim",
    "licence": "Data (c) OpenStreetMap contributors, ODbL"
   }
  },
  {
   "type": "Feature",
   "geometry": {
    "type": "Polygon",
    "coordinates": [
     [
      [
       -97.7838828,
       30.2550511
      ],
      [
       -97.7838782,
       30.2548473
      ],
      [
       -97.783861,
       30.2543998
      ],
      [
       -97.7838379,
       30.2538001
      ],
      [
       -97.783795,
       30.2536657
      ],
      [
       -97.7835965,
       30.2534919
      ],
      [
       -97.7835053,
       30.253478
      ],
      [
       -97.7830896,
       30.2538603
      ],
      [
       -97.7828026,
       30.2542009
      ],
      [
       -97.7825397,
       30.2545276
      ],
      [
       -97.7824405,
       30.2546921
      ],
      [
       -97.7821894,
       30.2552675
      ],
      [
       -97.7838828,
       30.2550511
      ]
     ]
    ]
   },
   "properties": {
    "osm_id": 203392630,
    "osm_type": "way",
    "name": "Barton Hills Elementary School",
    "display_name": "Barton Hills Elementary School, 2108, Barton Hills Drive, Barton Hills, Austin, Travis County, Texas, 78704, United States",
    "feature_type": "school",
    "region": "central_austin",
    "area_m2": 19387.6,
    "open_lat": 30.2545825,
    "open_lon": -97.7832461,
    "open_radius_m": 59.2,
    "source": "openstreetmap_nominatim",
    "licence": "Data (c) OpenStreetMap contributors, ODbL"
   }
  },
  {
   "type": "Feature",
   "geometry": {
    "type": "Polygon",
    "coordinates": [
     [
      [
       -97.760589,
       30.2505865
      ],
      [
       -97.7603225,
       30.2504564
      ],
      [
       -97.759176,
       30.2499026
      ],
      [
       -97.7588183,
       30.2506527
      ],
      [
       -97.7601724,
       30.2512371
      ],
      [
       -97.760589,
       30.2505865
      ]
     ]
    ]
   },
   "properties": {
    "osm_id": 188454211,
    "osm_type": "way",
    "name": "Becker Elementary School",
    "display_name": "Becker Elementary School, 906, West Milton Street, Evergreen Heights, Austin, Travis County, Texas, 78704, United States",
    "feature_type": "school",
    "region": "central_austin",
    "area_m2": 12987.1,
    "open_lat": 30.2504681,
    "open_lon": -97.7594062,
    "open_radius_m": 43.6,
    "source": "openstreetmap_nominatim",
    "licence": "Data (c) OpenStreetMap contributors, ODbL"
   }
  },
  {
   "type": "Feature",
   "geometry": {
    "type": "Polygon",
    "coordinates": [
     [
      [
       -97.7469216,
       30.2409031
      ],
      [
       -97.7462592,
       30.2405656
      ],
      [
       -97.7462496,
       30.2405804
      ],
      [
       -97.746215,
       30.2406487
      ],
      [
       -97.7460901,
       30.2408405
      ],
      [
       -97.7459647,
       30.2410229
      ],
      [
       -97.7458561,
       30.2411457
      ],
      [
       -97.7457005,
       30.2412529
      ],
      [
       -97.7455751,
       30.2413949
      ],
      [
       -97.7454551,
       30.2415709
      ],
      [
       -97.7456083,
       30.2420422
      ],
      [
       -97.7456512,
       30.242135
      ],
      [
       -97.7459844,
       30.2418227
      ],
      [
       -97.746075,
       30.2417456
      ],
      [
       -97.7463672,
       30.2414968
      ],
      [
       -97.7465979,
       30.2412465
      ],
      [
       -97.7468956,
       30.2409669
      ],
      [
       -97.7469216,
       30.2409031
      ]
     ]
    ]
   },
   "properties": {
    "osm_id": 188587474,
    "osm_type": "way",
    "name": "Travis Heights Elementary School",
    "display_name": "Travis Heights Elementary School, 2010, Alameda Drive, Travis Heights, Austin, Travis County, Texas, 78704, United States",
    "feature_type": "school",
    "region": "central_austin",
    "area_m2": 10259.3,
    "open_lat": 30.2409886,
    "open_lon": -97.7463938,
    "open_radius_m": 33.5,
    "source": "openstreetmap_nominatim",
    "licence": "Data (c) OpenStreetMap contributors, ODbL"
   }
  },
  {
   "type": "Feature",
   "geometry": {
    "type": "Polygon",
    "coordinates": [
     [
      [
       -97.7492756,
       30.2724508
      ],
      [
       -97.7492291,
       30.2724139
      ],
      [
       -97.7487536,
       30.2722805
      ],
      [
       -97.7485976,
       30.2722391
      ],
      [
       -97.7487038,
       30.2719473
      ],
      [
       -97.748791,
       30.271711
      ],
      [
       -97.7488187,
       30.2716904
      ],
      [
       -97.7488361,
       30.2716698
      ],
      [
       -97.7488501,
       30.271646
      ],
      [
       -97.7488638,
       30.2716086
      ],
      [
       -97.7488448,
       30.2715698
      ],
      [
       -97.7488633,
       30.27152
      ],
      [
       -97.7486441,
       30.2714649
      ],
      [
       -97.7484921,
       30.2714232
      ],
      [
       -97.7483895,
       30.2713937
      ],
      [
       -97.7482482,
       30.2717716
      ],
      [
       -97.7481717,
       30.271978
      ],
      [
       -97.74816,
       30.2719744
      ],
      [
       -97.7481417,
       30.2720331
      ],
      [
       -97.7481228,
       30.2720933
      ],
      [
       -97.7481167,
       30.2721121
      ],
      [
       -97.7480502,
       30.2723006
      ],
      [
       -97.748157,
       30.2723289
      ],
      [
       -97.7481267,
       30.2724135
      ],
      [
       -97.7480686,
       30.2725733
      ],
      [
       -97.7483782,
       30.272661
      ],
      [
       -97.7491658,
       30.272895
      ],
      [
       -97.7492377,
       30.2726452
      ],
      [
       -97.7492756,
       30.2724508
      ]
     ]
    ]
   },
   "properties": {
    "osm_id": 400263441,
    "osm_type": "way",
    "name": "Headwaters School River Campus",
    "display_name": "Headwaters School River Campus, 807, Rio Grande Street, West Sixth, Austin, Travis County, Texas, 78701, United States",
    "feature_type": "school",
    "region": "central_austin",
    "area_m2": 9917.6,
    "open_lat": 30.27242,
    "open_lon": -97.7484121,
    "open_radius_m": 26.4,
    "source": "openstreetmap_nominatim",
    "licence": "Data (c) OpenStreetMap contributors, ODbL"
   }
  },
  {
   "type": "Feature",
   "geometry": {
    "type": "Polygon",
    "coordinates": [
     [
      [
       -97.7616358,
       30.2781577
      ],
      [
       -97.761273,
       30.2779713
      ],
      [
       -97.7614098,
       30.2777419
      ],
      [
       -97.7610129,
       30.2775451
      ],
      [
       -97.7604845,
       30.2784137
      ],
      [
       -97.7604442,
       30.2784693
      ],
      [
       -97.7611684,
       30.2788515
      ],
      [
       -97.7616358,
       30.2781577
      ]
     ]
    ]
   },
   "properties": {
    "osm_id": 202715335,
    "osm_type": "way",
    "name": "Mathews Elementary School",
    "display_name": "Mathews Elementary School, 906, West Lynn Street, Clarksville, Austin, Travis County, Texas, 78703, United States",
    "feature_type": "school",
    "region": "central_austin",
    "area_m2": 8607.6,
    "open_lat": 30.2782953,
    "open_lon": -97.7610459,
    "open_radius_m": 41.3,
    "source": "openstreetmap_nominatim",
    "licence": "Data (c) OpenStreetMap contributors, ODbL"
   }
  },
  {
   "type": "Feature",
   "geometry": {
    "type": "Polygon",
    "coordinates": [
     [
      [
       -97.7650552,
       30.2470078
      ],
      [
       -97.7645279,
       30.2467908
      ],
      [
       -97.7643405,
       30.247093
      ],
      [
       -97.7649118,
       30.2472877
      ],
      [
       -97.7650552,
       30.2470078
      ]
     ]
    ]
   },
   "properties": {
    "osm_id": 188454196,
    "osm_type": "way",
    "name": "Mainspring School",
    "display_name": "Mainspring School, Brodie Street, Austin, Travis County, Texas, 78704, United States",
    "feature_type": "school",
    "region": "central_austin",
    "area_m2": 2072.4,
    "open_lat": 30.2470103,
    "open_lon": -97.7646197,
    "open_radius_m": 18.2,
    "source": "openstreetmap_nominatim",
    "licence": "Data (c) OpenStreetMap contributors, ODbL"
   }
  },
  {
   "type": "Feature",
   "geometry": {
    "type": "Polygon",
    "coordinates": [
     [
      [
       -97.7396854,
       30.2708162
      ],
      [
       -97.7393812,
       30.2707343
      ],
      [
       -97.7393187,
       30.2707175
      ],
      [
       -97.7392414,
       30.2709343
      ],
      [
       -97.7392312,
       30.2709617
      ],
      [
       -97.7392006,
       30.2710444
      ],
      [
       -97.7394248,
       30.2711064
      ],
      [
       -97.7394589,
       30.271019
      ],
      [
       -97.7395494,
       30.271044
      ],
      [
       -97.7395694,
       30.2709886
      ],
      [
       -97.7396176,
       30.2710019
      ],
      [
       -97.7396629,
       30.2708793
      ],
      [
       -97.7396663,
       30.2708696
      ],
      [
       -97.7396854,
       30.2708162
      ]
     ]
    ]
   },
   "properties": {
    "osm_id": 1033405011,
    "osm_type": "way",
    "name": "Cathedral School of Saint Mary",
    "display_name": "Cathedral School of Saint Mary, 910, San Jacinto Boulevard, Medical District, Austin, Travis County, Texas, 78701, United States",
    "feature_type": "school",
    "region": "central_austin",
    "area_m2": 1231.6,
    "open_lat": 30.270889,
    "open_lon": -97.7394241,
    "open_radius_m": 14.8,
    "source": "openstreetmap_nominatim",
    "licence": "Data (c) OpenStreetMap contributors, ODbL"
   }
  },
  {
   "type": "Feature",
   "geometry": {
    "type": "Polygon",
    "coordinates": [
     [
      [
       -97.7425315,
       30.2834539
      ],
      [
       -97.7423541,
       30.2834432
      ],
      [
       -97.7421562,
       30.2834286
      ],
      [
       -97.7421243,
       30.2837268
      ],
      [
       -97.7425063,
       30.2837503
      ],
      [
       -97.7425315,
       30.2834539
      ]
     ]
    ]
   },
   "properties": {
    "osm_id": 1089730388,
    "osm_type": "way",
    "name": "Saint Austin Catholic School",
    "display_name": "Saint Austin Catholic School, 2026, Guadalupe Street, Austin, Travis County, Texas, 78705, United States",
    "feature_type": "school",
    "region": "central_austin",
    "area_m2": 1207.5,
    "open_lat": 30.2835904,
    "open_lon": -97.7423294,
    "open_radius_m": 16.5,
    "source": "openstreetmap_nominatim",
    "licence": "Data (c) OpenStreetMap contributors, ODbL"
   }
  },
  {
   "type": "Feature",
   "geometry": {
    "type": "Polygon",
    "coordinates": [
     [
      [
       -97.796841,
       30.2712207
      ],
      [
       -97.7965271,
       30.2705392
      ],
      [
       -97.7961262,
       30.2697678
      ],
      [
       -97.7958083,
       30.2699022
      ],
      [
       -97.7946121,
       30.2711461
      ],
      [
       -97.7950197,
       30.271343
      ],
      [
       -97.7954167,
       30.2713453
      ],
      [
       -97.7963367,
       30.2713731
      ],
      [
       -97.7967283,
       30.2714635
      ],
      [
       -97.796841,
       30.2712207
      ]
     ]
    ]
   },
   "properties": {
    "osm_id": 566481160,
    "osm_type": "way",
    "name": "Arise Austin Medical Center",
    "display_name": "Arise Austin Medical Center, 3003, Bee Caves Road, Austin, Travis County, Texas, 78746, United States",
    "feature_type": "hospital",
    "region": "central_austin",
    "area_m2": 22285.0,
    "open_lat": 30.2707625,
    "open_lon": -97.7958789,
    "open_radius_m": 66.3,
    "source": "openstreetmap_nominatim",
    "licence": "Data (c) OpenStreetMap contributors, ODbL"
   }
  },
  {
   "type": "Feature",
   "geometry": {
    "type": "Polygon",
    "coordinates": [
     [
      [
       -97.7697705,
       30.2646677
      ],
      [
       -97.7697007,
       30.2644823
      ],
      [
       -97.7695264,
       30.2644789
      ],
      [
       -97.76912,
       30.2645356
      ],
      [
       -97.7691227,
       30.2646433
      ],
      [
       -97.769234,
       30.2647673
      ],
      [
       -97.7693064,
       30.2647603
      ],
      [
       -97.7694915,
       30.2648877
      ],
      [
       -97.769694,
       30.2648657
      ],
      [
       -97.7697705,
       30.2646677
      ]
     ]
    ]
   },
   "properties": {
    "osm_id": 313446793,
    "osm_type": "way",
    "name": "William Barton Drive",
    "display_name": "William Barton Drive, Austin, Travis County, Texas, 78704, United States",
    "feature_type": "playground",
    "region": "central_austin",
    "area_m2": 2073.4,
    "open_lat": 30.2646745,
    "open_lon": -97.7695367,
    "open_radius_m": 21.1,
    "source": "openstreetmap_nominatim",
    "licence": "Data (c) OpenStreetMap contributors, ODbL"
   }
  },
  {
   "type": "Feature",
   "geometry": {
    "type": "Polygon",
    "coordinates": [
     [
      [
       -97.7521262,
       30.2815779
      ],
      [
       -97.7520974,
       30.281571
      ],
      [
       -97.7520733,
       30.2815609
      ],
      [
       -97.752047,
       30.2815428
      ],
      [
       -97.7520306,
       30.281517
      ],
      [
       -97.7520277,
       30.281496
      ],
      [
       -97.7520296,
       30.2814765
      ],
      [
       -97.7520433,
       30.2814607
      ],
      [
       -97.7520603,
       30.2814477
      ],
      [
       -97.7519925,
       30.2813752
      ],
      [
       -97.7519649,
       30.2813476
      ],
      [
       -97.7519392,
       30.2813189
      ],
      [
       -97.7519025,
       30.2812673
      ],
      [
       -97.7518854,
       30.2813007
      ],
      [
       -97.7518592,
       30.2813264
      ],
      [
       -97.7518434,
       30.2813363
      ],
      [
       -97.751805,
       30.2813505
      ],
      [
       -97.7518281,
       30.2813667
      ],
      [
       -97.7518467,
       30.2813855
      ],
      [
       -97.7518586,
       30.2814123
      ],
      [
       -97.7518585,
       30.281434
      ],
      [
       -97.7518484,
       30.2814507
      ],
      [
       -97.7518341,
       30.2814616
      ],
      [
       -97.7518131,
       30.2814673
      ],
      [
       -97.75178,
       30.2814563
      ],
      [
       -97.7517624,
       30.2814312
      ],
      [
       -97.7517438,
       30.2814053
      ],
      [
       -97.7517166,
       30.2813905
      ],
      [
       -97.7516982,
       30.2813876
      ],
      [
       -97.7516677,
       30.2813902
      ],
      [
       -97.7516416,
       30.2814043
      ],
      [
       -97.7516311,
       30.2814156
      ],
      [
       -97.7516239,
       30.2814285
      ],
      [
       -97.751621,
       30.2814456
      ],
      [
       -97.7516216,
       30.2814727
      ],
      [
       -97.7516269,
       30.2814987
      ],
      [
       -97.751637,
       30.281526
      ],
      [
       -97.7516488,
       30.2815518
      ],
      [
       -97.7516701,
       30.2815733
      ],
      [
       -97.7516932,
       30.2815833
      ],
      [
       -97.7517155,
       30.2815848
      ],
      [
       -97.7517378,
       30.2815848
      ],
      [
       -97.7517592,
       30.2815802
      ],
      [
       -97.7517815,
       30.2815672
      ],
      [
       -97.7517965,
       30.2815519
      ],
      [
       -97.7518127,
       30.2815284
      ],
      [
       -97.7518255,
       30.2815083
      ],
      [
       -97.7518497,
       30.2814993
      ],
      [
       -97.7518743,
       30.2814997
      ],
      [
       -97.7518922,
       30.2815062
      ],
      [
       -97.751909,
       30.2815233
      ],
      [
       -97.7519111,
       30.2815441
      ],
      [
       -97.7519084,
       30.2815645
      ],
      [
       -97.7519184,
       30.2815903
      ],
      [
       -97.7519304,
       30.2816091
      ],
      [
       -97.7519647,
       30.2816333
      ],
      [
       -97.7519981,
       30.2816416
      ],
      [
       -97.7520271,
       30.2816401
      ],
      [
       -97.7520712,
       30.2816387
      ],
      [
       -97.7521123,
       30.2816536
      ],
      [
       -97.752106,
       30.2816216
      ],
      [
       -97.7521144,
       30.2815978
      ],
      [
       -97.7521262,
       30.2815779
      ]
     ]
    ]
   },
   "properties": {
    "osm_id": 549994342,
    "osm_type": "way",
    "name": "Kingsbury Street",
    "display_name": "Kingsbury Street, Enfield, Austin, Travis County, Texas, 78703, United States",
    "feature_type": "playground",
    "region": "central_austin",
    "area_m2": 903.8,
    "open_lat": 30.28144,
    "open_lon": -97.7519446,
    "open_radius_m": 8.1,
    "source": "openstreetmap_nominatim",
    "licence": "Data (c) OpenStreetMap contributors, ODbL"
   }
  },
  {
   "type": "Feature",
   "geometry": {
    "type": "Polygon",
    "coordinates": [
     [
      [
       -97.736467,
       30.2736455
      ],
      [
       -97.7364668,
       30.273626
      ],
      [
       -97.7364586,
       30.2736043
      ],
      [
       -97.736439,
       30.2735881
      ],
      [
       -97.7364157,
       30.2735808
      ],
      [
       -97.7363888,
       30.2735831
      ],
      [
       -97.7363657,
       30.2735927
      ],
      [
       -97.7363491,
       30.2736098
      ],
      [
       -97.7363368,
       30.2736213
      ],
      [
       -97.7363213,
       30.2736301
      ],
      [
       -97.7362925,
       30.2736362
      ],
      [
       -97.7362664,
       30.2736353
      ],
      [
       -97.7362417,
       30.2736298
      ],
      [
       -97.7362168,
       30.2736086
      ],
      [
       -97.7362045,
       30.2735885
      ],
      [
       -97.7361992,
       30.2735681
      ],
      [
       -97.7362012,
       30.2735518
      ],
      [
       -97.7361474,
       30.2735408
      ],
      [
       -97.7361257,
       30.2735391
      ],
      [
       -97.7361122,
       30.273538
      ],
      [
       -97.7361153,
       30.27355
      ],
      [
       -97.7361222,
       30.2735765
      ],
      [
       -97.7361242,
       30.2736032
      ],
      [
       -97.7361149,
       30.2736445
      ],
      [
       -97.7360997,
       30.2736616
      ],
      [
       -97.7361132,
       30.2736703
      ],
      [
       -97.7361379,
       30.2736946
      ],
      [
       -97.73616,
       30.2736856
      ],
      [
       -97.7362009,
       30.2736795
      ],
      [
       -97.7362264,
       30.2736799
      ],
      [
       -97.736244,
       30.2736886
      ],
      [
       -97.7362521,
       30.2737006
      ],
      [
       -97.7362555,
       30.2737112
      ],
      [
       -97.736251,
       30.2737238
      ],
      [
       -97.7362433,
       30.2737358
      ],
      [
       -97.7362337,
       30.2737511
      ],
      [
       -97.7362334,
       30.2737651
      ],
      [
       -97.7362385,
       30.2737786
      ],
      [
       -97.7362469,
       30.2737891
      ],
      [
       -97.7362566,
       30.2737947
      ],
      [
       -97.7362735,
       30.2738002
      ],
      [
       -97.7362911,
       30.2737991
      ],
      [
       -97.7363038,
       30.2737938
      ],
      [
       -97.7363139,
       30.2737869
      ],
      [
       -97.7363197,
       30.2737763
      ],
      [
       -97.7363207,
       30.2737621
      ],
      [
       -97.7363164,
       30.2737514
      ],
      [
       -97.7363111,
       30.2737416
      ],
      [
       -97.7363038,
       30.2737352
      ],
      [
       -97.7362946,
       30.2737308
      ],
      [
       -97.7362884,
       30.2737246
      ],
      [
       -97.7362874,
       30.2737176
      ],
      [
       -97.7362888,
       30.2737092
      ],
      [
       -97.7362969,
       30.273704
      ],
      [
       -97.7363055,
       30.2737026
      ],
      [
       -97.736317,
       30.2737084
      ],
      [
       -97.7363187,
       30.273716
      ],
      [
       -97.7363226,
       30.2737231
      ],
      [
       -97.7363315,
       30.2737319
      ],
      [
       -97.7363494,
       30.273738
      ],
      [
       -97.736368,
       30.2737409
      ],
      [
       -97.7363841,
       30.2737402
      ],
      [
       -97.736399,
       30.273736
      ],
      [
       -97.7364093,
       30.2737278
      ],
      [
       -97.7364161,
       30.2737177
      ],
      [
       -97.7364165,
       30.2737023
      ],
      [
       -97.7364188,
       30.2736929
      ],
      [
       -97.7364234,
       30.2736842
      ],
      [
       -97.7364367,
       30.2736761
      ],
      [
       -97.736448,
       30.2736702
      ],
      [
       -97.7364586,
       30.2736624
      ],
      [
       -97.736467,
       30.2736455
      ]
     ]
    ]
   },
   "properties": {
    "osm_id": 969893748,
    "osm_type": "way",
    "name": "Kitty King Powell Lawn",
    "display_name": "Kitty King Powell Lawn, Suzanne Deal Booth Skywalk, Medical District, Austin, Travis County, Texas, 78778, United States",
    "feature_type": "playground",
    "region": "central_austin",
    "area_m2": 461.7,
    "open_lat": 30.273679,
    "open_lon": -97.7363637,
    "open_radius_m": 5.5,
    "source": "openstreetmap_nominatim",
    "licence": "Data (c) OpenStreetMap contributors, ODbL"
   }
  },
  {
   "type": "Feature",
   "geometry": {
    "type": "Polygon",
    "coordinates": [
     [
      [
       -97.7599431,
       30.2402846
      ],
      [
       -97.7599054,
       30.2401501
      ],
      [
       -97.7596197,
       30.2401995
      ],
      [
       -97.7596708,
       30.2403192
      ],
      [
       -97.7597948,
       30.2403896
      ],
      [
       -97.7599224,
       30.2403654
      ],
      [
       -97.7599431,
       30.2402846
      ]
     ]
    ]
   },
   "properties": {
    "osm_id": 734614911,
    "osm_type": "way",
    "name": "Gillis District Park Trail",
    "display_name": "Gillis District Park Trail, LaPrelle Place, Austin, Travis County, Texas, 78704, United States",
    "feature_type": "playground",
    "region": "central_austin",
    "area_m2": 576.7,
    "open_lat": 30.2402742,
    "open_lon": -97.7598168,
    "open_radius_m": 11.5,
    "source": "openstreetmap_nominatim",
    "licence": "Data (c) OpenStreetMap contributors, ODbL"
   }
  },
  {
   "type": "Feature",
   "geometry": {
    "type": "Polygon",
    "coordinates": [
     [
      [
       -97.7642143,
       30.2816354
      ],
      [
       -97.764068,
       30.2815686
      ],
      [
       -97.7639941,
       30.2816973
      ],
      [
       -97.7640226,
       30.2817125
      ],
      [
       -97.7640494,
       30.2818189
      ],
      [
       -97.7641365,
       30.2818634
      ],
      [
       -97.7641952,
       30.2817532
      ],
      [
       -97.7642143,
       30.2816354
      ]
     ]
    ]
   },
   "properties": {
    "osm_id": 1314037665,
    "osm_type": "way",
    "name": "West 11th Street",
    "display_name": "West 11th Street, Clarksville, Austin, Travis County, Texas, 78703, United States",
    "feature_type": "playground",
    "region": "central_austin",
    "area_m2": 424.5,
    "open_lat": 30.2816838,
    "open_lon": -97.7641095,
    "open_radius_m": 8.9,
    "source": "openstreetmap_nominatim",
    "licence": "Data (c) OpenStreetMap contributors, ODbL"
   }
  },
  {
   "type": "Feature",
   "geometry": {
    "type": "Polygon",
    "coordinates": [
     [
      [
       -97.7753472,
       30.2792609
      ],
      [
       -97.7753435,
       30.2792529
      ],
      [
       -97.7751831,
       30.2791055
      ],
      [
       -97.775107,
       30.2791672
      ],
      [
       -97.7752721,
       30.2793106
      ],
      [
       -97.7752823,
       30.2793122
      ],
      [
       -97.7753008,
       30.279305
      ],
      [
       -97.7753453,
       30.2792745
      ],
      [
       -97.7753472,
       30.2792609
      ]
     ]
    ]
   },
   "properties": {
    "osm_id": 1273857589,
    "osm_type": "way",
    "name": "Borger Street",
    "display_name": "Borger Street, Colorado Apartments, Austin, Travis County, Texas, 78703, United States",
    "feature_type": "playground",
    "region": "central_austin",
    "area_m2": 231.4,
    "open_lat": 30.2791829,
    "open_lon": -97.7751971,
    "open_radius_m": 4.9,
    "source": "openstreetmap_nominatim",
    "licence": "Data (c) OpenStreetMap contributors, ODbL"
   }
  },
  {
   "type": "Feature",
   "geometry": {
    "type": "Polygon",
    "coordinates": [
     [
      [
       -97.7393797,
       30.2551811
      ],
      [
       -97.7393794,
       30.2551731
      ],
      [
       -97.7393764,
       30.2551636
      ],
      [
       -97.739369,
       30.2551561
      ],
      [
       -97.7393551,
       30.2551531
      ],
      [
       -97.7393408,
       30.2551506
      ],
      [
       -97.7393294,
       30.2551452
      ],
      [
       -97.7393196,
       30.2551403
      ],
      [
       -97.7393118,
       30.2551402
      ],
      [
       -97.739306,
       30.2551428
      ],
      [
       -97.739302,
       30.2551467
      ],
      [
       -97.7392875,
       30.2551466
      ],
      [
       -97.7392628,
       30.2551416
      ],
      [
       -97.7392496,
       30.2551315
      ],
      [
       -97.7392493,
       30.2551215
      ],
      [
       -97.7392495,
       30.2551152
      ],
      [
       -97.7392404,
       30.2551131
      ],
      [
       -97.7392323,
       30.2551112
      ],
      [
       -97.7392193,
       30.2551191
      ],
      [
       -97.739205,
       30.2551233
      ],
      [
       -97.7391882,
       30.2551253
      ],
      [
       -97.7391668,
       30.2551306
      ],
      [
       -97.7391472,
       30.2551457
      ],
      [
       -97.7391384,
       30.2551626
      ],
      [
       -97.7391325,
       30.2551855
      ],
      [
       -97.7391306,
       30.2552058
      ],
      [
       -97.7391355,
       30.2552238
      ],
      [
       -97.7391439,
       30.2552429
      ],
      [
       -97.7391453,
       30.2552611
      ],
      [
       -97.7391422,
       30.2552825
      ],
      [
       -97.7391541,
       30.2552885
      ],
      [
       -97.7391676,
       30.2552952
      ],
      [
       -97.7391778,
       30.2552853
      ],
      [
       -97.7392035,
       30.2552849
      ],
      [
       -97.7392339,
       30.2552821
      ],
      [
       -97.7392559,
       30.2552769
      ],
      [
       -97.7392732,
       30.2552712
      ],
      [
       -97.7392833,
       30.2552686
      ],
      [
       -97.739293,
       30.2552709
      ],
      [
       -97.7393034,
       30.2552639
      ],
      [
       -97.7393096,
       30.2552514
      ],
      [
       -97.739311,
       30.2552404
      ],
      [
       -97.7393094,
       30.2552288
      ],
      [
       -97.7392962,
       30.2552304
      ],
      [
       -97.7393007,
       30.2552178
      ],
      [
       -97.7393016,
       30.2552038
      ],
      [
       -97.7392981,
       30.2551856
      ],
      [
       -97.739293,
       30.2551735
      ],
      [
       -97.739285,
       30.255162
      ],
      [
       -97.739295,
       30.2551604
      ],
      [
       -97.7393062,
       30.2551628
      ],
      [
       -97.7393205,
       30.2551718
      ],
      [
       -97.7393284,
       30.255183
      ],
      [
       -97.7393294,
       30.2551911
      ],
      [
       -97.739329,
       30.2551992
      ],
      [
       -97.7393277,
       30.2552073
      ],
      [
       -97.7393333,
       30.2552163
      ],
      [
       -97.7393394,
       30.2552225
      ],
      [
       -97.7393552,
       30.2552227
      ],
      [
       -97.7393663,
       30.2552163
      ],
      [
       -97.7393699,
       30.2552076
      ],
      [
       -97.7393692,
       30.2551981
      ],
      [
       -97.739375,
       30.2551889
      ],
      [
       -97.7393797,
       30.2551811
      ]
     ]
    ]
   },
   "properties": {
    "osm_id": 1509313183,
    "osm_type": "way",
    "name": "Arboretum",
    "display_name": "Arboretum, East Avenue, Rainey Street Historic District, Austin, Travis County, Texas, 78767, United States",
    "feature_type": "playground",
    "region": "central_austin",
    "area_m2": 300.5,
    "open_lat": 30.2552015,
    "open_lon": -97.7392161,
    "open_radius_m": 7.9,
    "source": "openstreetmap_nominatim",
    "licence": "Data (c) OpenStreetMap contributors, ODbL"
   }
  },
  {
   "type": "Feature",
   "geometry": {
    "type": "Polygon",
    "coordinates": [
     [
      [
       -97.7389605,
       30.2778824
      ],
      [
       -97.7389292,
       30.2778735
      ],
      [
       -97.7389232,
       30.2778717
      ],
      [
       -97.7388549,
       30.2778522
      ],
      [
       -97.7388351,
       30.2779038
      ],
      [
       -97.7387755,
       30.2780592
      ],
      [
       -97.7387991,
       30.278066
      ],
      [
       -97.7388811,
       30.2780894
      ],
      [
       -97.7389582,
       30.2778886
      ],
      [
       -97.7389605,
       30.2778824
      ]
     ]
    ]
   },
   "properties": {
    "osm_id": 1113073296,
    "osm_type": "way",
    "name": "East 16th Street",
    "display_name": "East 16th Street, Medical District, Austin, Travis County, Texas, 78778, United States",
    "feature_type": "playground",
    "region": "central_austin",
    "area_m2": 259.3,
    "open_lat": 30.2779815,
    "open_lon": -97.7388639,
    "open_radius_m": 5.3,
    "source": "openstreetmap_nominatim",
    "licence": "Data (c) OpenStreetMap contributors, ODbL"
   }
  },
  {
   "type": "Feature",
   "geometry": {
    "type": "Polygon",
    "coordinates": [
     [
      [
       -97.7708086,
       30.2409075
      ],
      [
       -97.770669,
       30.2408537
      ],
      [
       -97.7706067,
       30.2409743
      ],
      [
       -97.7707464,
       30.2410281
      ],
      [
       -97.7708086,
       30.2409075
      ]
     ]
    ]
   },
   "properties": {
    "osm_id": 1272538267,
    "osm_type": "way",
    "name": "Locke Lane",
    "display_name": "Locke Lane, Galindo, Austin, Travis County, Texas, 78704, United States",
    "feature_type": "playground",
    "region": "central_austin",
    "area_m2": 215.8,
    "open_lat": 30.2409409,
    "open_lon": -97.7707077,
    "open_radius_m": 7.3,
    "source": "openstreetmap_nominatim",
    "licence": "Data (c) OpenStreetMap contributors, ODbL"
   }
  },
  {
   "type": "Feature",
   "geometry": {
    "type": "Polygon",
    "coordinates": [
     [
      [
       -97.7367912,
       30.2624282
      ],
      [
       -97.7365726,
       30.2623943
      ],
      [
       -97.7365531,
       30.2625053
      ],
      [
       -97.736698,
       30.2625243
      ],
      [
       -97.7367178,
       30.2625269
      ],
      [
       -97.7367912,
       30.2624282
      ]
     ]
    ]
   },
   "properties": {
    "osm_id": 1201769082,
    "osm_type": "way",
    "name": "Waller Creek Greenbelt Trail",
    "display_name": "Waller Creek Greenbelt Trail, Rainey Street Historic District, Austin, Travis County, Texas, 78767, United States",
    "feature_type": "playground",
    "region": "central_austin",
    "area_m2": 228.5,
    "open_lat": 30.262467,
    "open_lon": -97.7366796,
    "open_radius_m": 6.0,
    "source": "openstreetmap_nominatim",
    "licence": "Data (c) OpenStreetMap contributors, ODbL"
   }
  },
  {
   "type": "Feature",
   "geometry": {
    "type": "Polygon",
    "coordinates": [
     [
      [
       -97.778492,
       30.2655999
      ],
      [
       -97.7784235,
       30.2655716
      ],
      [
       -97.7784037,
       30.2655582
      ],
      [
       -97.7783719,
       30.2655841
      ],
      [
       -97.7783584,
       30.2655753
      ],
      [
       -97.7782836,
       30.2655607
      ],
      [
       -97.7782691,
       30.2655649
      ],
      [
       -97.7782638,
       30.2655716
      ],
      [
       -97.7782517,
       30.2656237
      ],
      [
       -97.7782628,
       30.2656287
      ],
      [
       -97.778354,
       30.2656462
      ],
      [
       -97.7784447,
       30.2656866
      ],
      [
       -97.7784525,
       30.2656866
      ],
      [
       -97.7784814,
       30.2656462
      ],
      [
       -97.778492,
       30.2655999
      ]
     ]
    ]
   },
   "properties": {
    "osm_id": 1309948117,
    "osm_type": "way",
    "name": "Columbus Drive",
    "display_name": "Columbus Drive, Austin, Travis County, Texas, 78746, United States",
    "feature_type": "playground",
    "region": "central_austin",
    "area_m2": 198.3,
    "open_lat": 30.2656192,
    "open_lon": -97.7784132,
    "open_radius_m": 5.2,
    "source": "openstreetmap_nominatim",
    "licence": "Data (c) OpenStreetMap contributors, ODbL"
   }
  },
  {
   "type": "Feature",
   "geometry": {
    "type": "Polygon",
    "coordinates": [
     [
      [
       -97.7469777,
       30.2407329
      ],
      [
       -97.7469078,
       30.2406828
      ],
      [
       -97.7468868,
       30.2406794
      ],
      [
       -97.7468677,
       30.2406868
      ],
      [
       -97.7468604,
       30.2407078
      ],
      [
       -97.7467919,
       30.2407517
      ],
      [
       -97.746811,
       30.2408171
      ],
      [
       -97.7469138,
       30.2408388
      ],
      [
       -97.7469645,
       30.240812
      ],
      [
       -97.7469777,
       30.2407329
      ]
     ]
    ]
   },
   "properties": {
    "osm_id": 1317470969,
    "osm_type": "way",
    "name": "East Side Drive",
    "display_name": "East Side Drive, Travis Heights, Austin, Travis County, Texas, 78704, United States",
    "feature_type": "playground",
    "region": "central_austin",
    "area_m2": 216.2,
    "open_lat": 30.2407691,
    "open_lon": -97.7468964,
    "open_radius_m": 7.1,
    "source": "openstreetmap_nominatim",
    "licence": "Data (c) OpenStreetMap contributors, ODbL"
   }
  }
 ]
}
